名称,评分,类型,简介,上映日期,时长,导演,主演
蝙蝠侠：骑士陨落 第一部：骑士陨落,92,"动画, 动作, 冒险, 科幻",被称为“贝恩”的神秘巨兽只身突破阿卡姆疯人院，将蝙蝠侠的全部宿敌尽数释放到哥谭街头，整座城市瞬间陷入前所未有的犯罪狂潮。蝙蝠侠为了追捕四散的反派，日夜不休地奔波在哥谭的各个角落，精神与体力都被消耗到极限。而这一切，都是贝恩精心策划的棋局——他在暗处冷眼观察，步步紧逼，用连绵不绝的危机一点点消磨披风斗士的意志，一步步将蝙蝠侠推向身心双重崩溃的临界点。,2026-08-25 (US),1h 19m,"比尔·芬格, 鲍勃·凯恩, Jeff Wamester, Jeremy Adams","安森·蒙特, 迈克尔·曼多, 巴勃罗·施赖伯, 杰夫·本内特, 路易斯·贝穆德斯, 布鲁斯·博克斯莱特纳, Jessica Camacho, Anthony Crivello, 大卫·达斯马齐连"
安昂传奇：最后的气宗,91,"动画, 冒险, 奇幻, 动作",派拉蒙和尼克宣布“降世神通”系列开发三部新的电影，仍是动画形式。第一部由《降世神通：最后的气宗》导演Lauren Montgomery执导，《最后的气宗》主创Bryan Konietzko和Michael DiMartino担任制片人。,2026-07-24 (US),1h 39m,"Tim Hedrick, 劳伦·蒙哥马利, 克里斯托弗·L·约斯特, Kenneth Lin, 迈克尔·但丁·迪马蒂诺, 布莱恩·科涅茨科","Eric Nam, 戴夫·巴蒂斯塔, 杰西卡·马滕, Román Zaragoza, 史蒂文·元, Dionne Quan, 迪·布拉雷·贝克尔, 芙蕾达·平托, 关继威"
奇幻变身大冒险,89,"冒险, 动画, 家庭, 奇幻",森林中的一个小生物和一只高贵的鸟突然互换了身体，他们不得不结伴而行，共同应对此生最疯狂的冒险。,2026-05-01 (US),1h 42m,"内森·格雷诺, Robert Snow, Christian Magalhaes, 约翰·惠廷顿, Adam J. Karp","迈克尔·B·乔丹, 朱诺·坦普尔, 特雷西·摩根, 塞德里克·凯尔斯, 贾斯蒂娜·马查多, 内特·托伦斯, Camden Brooks, 塔塔·维加, 安比卡·茂德"
不期而遇的姐妹,88,"喜剧, 爱情",两位女子发现自己被同一个男人欺骗，且两人都被他弄怀孕了。于是她们联手展开报复。,2026-03-12 (MX),1h 25m,"Ihtzi Hurtado, Carmen Castro, Mariana Palos, Miguel García Moreno, Paulina Barros, Carlos Tobías Gambia","安吉丽娅·博耶, Bárbara de Regil, Diego Klein, Lucía Uribe, Isabella Camil, Gabriela Platas, Laura Flores, Elena Pérez, César Rodríguez"
鬼灭之刃：无限城篇 第一章 猗窝座再袭,88,"动画, 动作, 奇幻",当鬼杀队的成员和柱之人在为即将到来的与鬼的战斗做准备，完成共同的体能训练——柱之训练时，鬼舞辻无惨在产屋敷宅邸出现。由于鬼杀队的主公处于危险之中，炭治郎和柱急忙赶往总部，但却被鸣女推入一个神秘的异空间。炭治郎和鬼杀队的目标是鬼的堡垒——无限城。因此，鬼杀队和鬼之间的最终战斗的战场已经准备就绪。,2025-11-14 (CN),2h 35m,"外崎春雄, 近藤光, 吾峠呼世晴","花江夏树, 樱井孝宏, 石田彰, 下野纮, 细谷佳正, 早见沙织, 宫野真守, 上田丽奈, 中村悠一"
夜巡毒枭,88,"犯罪, 动作, 惊悚",两位墨西哥员警不幸得罪一名残忍的毒枭后，必须拼命撑过值勤的最后几小时。改编自真实事件。,2026-08-21 (MX),1h 31m,"Chava Cartas, Bernardo Esquinca","Alfonso Herrera, 诺伊·埃尔南德斯, Hector Kotsifakis, Paola Fernández, Gerardo Trejoluna, Fernando Cuautle, Alejandra Vazquez De Leon, Santiago Colores, Berenice Mastretta"
肖申克的救赎,87,"剧情, 犯罪",1947年，银行家安迪·杜佛兰因被控杀害妻子及其情人，尽管始终坚称清白，仍被判处两项无期徒刑，送入缅因州的肖申克监狱服刑。在残酷而压抑的监狱生活中，安迪凭借冷静、智慧和始终未曾熄灭的希望逐渐赢得狱友们的尊重，并与能够在狱中弄到各种物品的瑞德建立起深厚的友谊。漫长的岁月里，他始终没有让高墙彻底改变自己，也开始用自己的方式影响身边的人，以及这座看似牢不可破的监狱……,2026-08-28 (CN),2h 22m,"弗兰克·德拉邦特, 斯蒂芬·金","蒂姆·罗宾斯, 摩根·弗里曼, 鲍勃·冈顿, 威廉姆·赛德勒, 克兰西·布朗, 吉尔·贝罗斯, 小詹姆斯·艾伦·惠特莫尔, 马克·罗斯顿, 杰弗里·德蒙"
教父,87,"剧情, 犯罪",40年代的美国，“教父”维托·唐·柯里昂是黑手党柯里昂家族的首领，带领家族从事非法的勾当，但同时他也是许多弱小平民的保护神，深得人们爱戴。因为拒绝了毒枭索洛索的毒品交易要求，柯里昂家族和纽约其他几个黑手党家族的矛盾激化、圣诞前夕，索洛索劫持了“教父”的参谋汤姆，并派人暗杀“教父”；因为内奸的出卖，“教父”的大儿子逊尼被仇家杀害；小儿子麦克也被卷了进来，失去爱妻。黑手党家族之间的矛盾越来越白热化。年老的“教父”面对丧子之痛怎样统领全局？黑手党之间的仇杀如何落幕？谁是家族的内奸？谁又能够成为新一代的“教父”？血雨腥风和温情脉脉，在这部里程碑式的黑帮史诗巨片里真实上演。,1972-03-24 (US),2h 55m,"弗朗西斯·科波拉, 马里奥·普佐","马龙·白兰度, 阿尔·帕西诺, 詹姆斯·凯恩, 罗伯特·杜瓦尔, 理查德·萨尔瓦托雷·卡斯特拉诺, 黛安·基顿, 塔莉亚·夏尔, 詹尼·鲁索, 斯特林·海登"
挽救计划,86,"科幻, 冒险",太阳正在被“吃”掉，绝望吞噬地球。一名“平凡”的中学教师格雷斯（瑞恩·高斯林 饰）背负全人类的希望，踏上“太空不归路”。末路孤旅中，他意外遇到一位外星萌友，一个同样身陷绝境的外星工程师，这对“宇宙搭子”成了两个文明最后的救命稻草。他们能否在资源紧缺的情况下攻克重重科学谜题，寻回唯一的希望火种？ 影片改编自安迪·威尔的同名畅销科幻小说。,2026-03-20 (CN),2h 36m,"克里斯托弗·米勒, 菲尔·洛德, 安迪·威尔, 德鲁·高达","瑞恩·高斯林, 桑德拉·惠勒, 詹姆斯·奥尔蒂斯, 莱昂内尔·博伊斯, 米拉娜·薇恩翠, 肯·兰格, 普里亚·坎萨拉, 米娅·索特里乌, 安内尔·奥拉耶"
迈克尔·杰克逊：巨星之路,86,"音乐, 剧情",　　本片将通过一段从未展现过的深度视角，真实记录传奇巨星迈克尔·杰克逊的复杂人生。影片不仅再现了他最具标志性的艺术表演瞬间，更深入挖掘了他的内心世界——从天才神童的成长阵痛到全球偶像背后的争议与坚韧，全面呈现这位伟大艺术家的辉煌与坎坷。,2026-04-24 (CN),2h 16m,"安东尼·福奎阿, 约翰·洛根","贾法尔·杰克逊, 科尔曼·多明戈, 尼娅·朗, Juliano Krue Valdi, 凯琳·杜雷尔·琼斯, 迈尔斯·特勒, 拉伦茨·泰特, 劳拉·哈里尔, 麦克·梅尔斯"
年轻的心,86,"剧情, 爱情",　　埃利亚斯是一个十四岁的男孩，在一个小村庄长大，他在这里感到自己像个局外人。在遇到新邻居兼同龄人亚历山大后，埃利亚斯开始面对自己逐渐显露的性意识。,2024-12-18 (BE),1h 37m,安东尼·沙特曼,"卢·古森斯, 马里乌斯·德·赛格, 基尔特·范·朗拜博格, 艾米莉·德·鲁, 德克·凡·迪克, 朱尔·古森斯, 埃兹拉·范·东根, Olivier Englebert, Olga De Saeger"
教父2,86,"剧情, 犯罪",作为《教父》的续篇，影片延续了科莱昂家族两代权力交替的史诗。科波拉在第二部分中讲述了两条故事线：由罗伯特·德尼罗以非凡演技演绎的年轻教父维托的根源与崛起，以及迈克尔（阿尔·帕西诺饰）作为新任教父的上位之路。,1974-12-20 (US),3h 20m,"弗朗西斯·科波拉, 马里奥·普佐","阿尔·帕西诺, 罗伯特·杜瓦尔, 黛安·基顿, 罗伯特·德尼罗, 约翰·卡扎尔, 塔莉亚·夏尔, 李·斯特拉斯伯格, 迈克尔·V·格佐, 格瓦斯·杜安·斯普拉德林"
十二怒汉,86,剧情,西德尼·吕美特执导的本片堪称电影史上最颠覆的法庭剧。这部改编自雷金纳德·罗斯电视剧的经典之作，以密室内群像戏的精炼笔法，透视美国司法体系的肌理，张力十足。亨利·方达饰演的异议者，在由白人男性组成的陪审团中孤身抗辩——其余成员皆急于裁定被控弑父的波多黎各少年有罪。故事在一个闷热的午后、一间汗流浃背的房间里层层推进，最终凝聚成一部史诗规模的思辨传奇。吕美特这部震撼人心的导演处女作，精准捕捉了1950年代美国社会变革的前夜，成就了影史不朽的首作丰碑。[标准收藏],1957-04-10 (US),1h 36m,"雷金纳德·罗斯, 西德尼·吕美特","马丁·巴尔萨姆, 约翰·菲尔德, 李·科布, E·G·马歇尔, 杰克·克卢格曼, 爱德华·宾斯, 杰克·沃登, 亨利·方达, 约瑟夫·斯威尼"
辛德勒的名单,86,"剧情, 历史, 战争",1939年，纳粹德国入侵波兰。德国商人奥斯卡·辛德勒来到被占领的克拉科夫，利用自己的人脉和金钱开办了一家搪瓷厂，并雇用被迫劳动的犹太人生产军需用品，希望借战争获取财富。随着纳粹对犹太人的迫害不断升级，辛德勒亲眼目睹了克拉科夫犹太区遭到清剿，以及无数普通人被驱逐和杀害。曾经只关心生意与利益的他开始发生改变，并利用自己的工厂、财富以及与纳粹官员之间的关系，尽可能保护身边的犹太工人。在愈发疯狂的屠杀与战争阴影下，一场以生命为代价的救援也由此悄然展开……,2019-04-06 (CN),3h 15m,"史蒂文·斯皮尔伯格, 托马斯·肯尼利, 斯蒂文·泽里安","连姆·尼森, 本·金斯利, 拉尔夫·费因斯, 卡罗琳·古道尔, 乔纳森·萨加尔, 艾伯斯·戴维斯, 马尔戈萨·格贝尔, 什穆埃尔·利维, 马克·伊瓦涅"
电锯人剧场版：蕾塞篇,86,"动画, 动作, 爱情, 奇幻",故事延续TV动画的最终章，讲述男主角电次在偶然邂逅的神秘少女蕾塞的庇护下，在快节奏的战斗中，奔向难以预测的命运。  电次，一个少年，与“电锯恶魔”签订契约，化身“电锯人”，成为隶属于公安部魔物对策特别课四课的魔物猎人，与魔物战斗。正兴奋地等待着与心仪的女性、公安部上司玛奇玛约会，却遭遇突如其来的暴雨，不得不在雨中避雨。在避雨的过程中，他邂逅了名为蕾塞的少女。在附近咖啡馆工作的蕾塞对电次露出了和善的笑容，两人迅速成为了好朋友。这次邂逅标志着电次的日常生活发生了重大改变。,2025-09-19 (JP),1h 40m,"吉原达矢, 濑古浩司","户谷菊之介, 楠木灯, 上田丽奈, 坂田将吾, 高桥花林, 菲鲁兹·蓝, 花江夏树, 内田真礼, 内田夕夜"
蝙蝠侠：黑暗骑士,85,"动作, 惊悚, 犯罪",在蝙蝠侠、警官詹姆斯·戈登和地方检察官哈维·丹特的共同努力下，哥谭市的犯罪势力受到前所未有的打击。然而，自称“小丑”的神秘罪犯突然出现，以毫无规则的暴力和精心策划的犯罪不断挑战城市秩序，也将蝙蝠侠、戈登和丹特一步步逼入道德与人性的困境。面对一个无法用常规逻辑理解的敌人，蝙蝠侠必须在守护哥谭与坚守自身原则之间作出艰难选择……,2018-04-07 (CN),2h 32m,"克里斯托弗·诺兰, 鲍勃·凯恩, 乔纳森·诺兰, 大卫·S·高耶","克里斯蒂安·贝尔, 希斯·莱杰, 艾伦·艾克哈特, 迈克尔·凯恩, 玛吉·吉伦哈尔, 加里·奥德曼, 摩根·弗里曼, 莫妮克·加布里埃拉·库尔内, 罗恩·迪恩"
千与千寻,85,"动画, 家庭, 奇幻",10岁的千寻跟随父母搬家途中，意外穿过一条神秘隧道，闯入了一个属于神灵的奇异世界。父母因为擅自吃下供奉给神灵的食物而被变成猪，惊慌失措的千寻则在神秘少年白龙的帮助下得以留下。为了在这个世界生存并寻找救回父母的方法，她不得不到汤婆婆掌管的“油屋”浴场工作。在形形色色的神灵与不可思议的遭遇中，原本胆小任性的千寻开始学会独自面对困难，而她也必须找到离开这里、带父母重返人类世界的方法……,2019-06-21 (CN),2h 5m,宫崎骏,"柊瑠美, 入野自由, 夏木真理, 内藤刚志, 泽口靖子, 我修院达也, 神木隆之介, 玉井夕海, 大泉洋"
绿里奇迹,85,"奇幻, 剧情, 犯罪",1935年。美国南部惨淡肃杀的冷山监狱。这里有片一英里长的绿地，人们叫它“绿里”。不过，它的居民皆为死囚，在绿地的另一头，便是行刑用的电椅。保罗·艾治科姆（汤姆·汉 克斯饰）是这里的狱监，对于走过“绿里”、继而在电椅上惨叫毙命的死囚行刑程序，他俨然已无动于衷。除了保罗及其爱妻简外，“绿里”上还有凶残的副狱监豪威尔，有施虐倾向 的狱吏佩西，良心未泯的看守海尔和他身患绝症的妻子美琳达，喜用宠物鼠逗狱吏和诸“难友”取乐的德拉克，连环杀人狂威廉，负疚深重的犯人彼特等一干形形色色的人们。他们之 间充满了敌意和不屑。但神秘的约翰·考夫利的到来改变了一切。考夫利因谋杀两名幼女被 判死罪，他相貌恐怖，体形硕大，却出奇地平和、敏感而缄默，天真时甚至像个孩子，同时， 他似乎还具有一种不可名状的神秘力量，令人不由自主地对其产生信任感，这不禁让艾治科姆对其罪行是否属实深怀疑问。 真情无法取代程式，考夫利终要走过“绿里”。在这个貌似粗鲁的男人即将赴死的刹那，“绿里”上的人们以不同以往的形式实现了各自生命的重要跨越。,1999-12-10 (US),3h 9m,"弗兰克·德拉邦特, 斯蒂芬·金","汤姆·汉克斯, 大卫·摩斯, 邦妮·亨特, 迈克尔·克拉克·邓肯, 詹姆斯·克伦威尔, 迈克尔·杰特, 格雷厄姆·格林, 道格·休切逊, 山姆·洛克威尔"
指环王3：王者无敌,85,"冒险, 奇幻, 动作",索伦大军为剿灭人类种族，已对刚铎都城米那斯提力斯展开围攻。这座昔日的伟大王国由一位日渐衰弱的摄政王守护，此刻比任何时候都更需要它的王者归来。但阿拉贡能否回应血脉的召唤，成为命定之君？中土世界的命运，正系于他宽阔的双肩。,2004-03-15 (CN),4h 23m,"彼得·杰克逊, J.R.R.托尔金, 菲利帕·博因斯, 弗兰·威尔士","伊利亚·伍德, 伊恩·麦克莱恩, 维果·莫特森, 西恩·奥斯汀, 安迪·瑟金斯, 多米尼克·莫纳汉, 比利·博伊德, 约翰·诺伯, 大卫·文翰"
勇夺芳心,85,"喜剧, 剧情, 爱情",乔德利和妻子结婚多年，一直十分恩爱。两人共同养育了两个女儿希姆莱和图吉，两个姑娘都出落得亭亭玉立。一晃眼，希姆莱就到了该嫁人的年纪了，尽管乔德利一家人已经在伦敦生活了二十多年了，但乔德利骨子里依旧是一个传统的印度人。乔德利将希姆莱许配给了朋友的儿子库杰，这让希姆莱感到十分不满。一次偶然中，希姆莱邂逅了名为拉杰的印度男子，尽管拉杰为人轻浮，油腔滑调，但希姆莱还是同他坠入了情网。得知此事的乔德利举家迁回了印度，拉杰亦紧跟其后，他要如何才能获得乔德利的认可呢？,1995-10-20 (IN),3h 10m,Aditya Chopra,"卡卓儿, 沙鲁克·汗, 阿莫瑞什·普瑞, 法莉達·賈勒爾, 阿努潘·凯尔, Pooja Ruparel, Parmeet Sethi, Satish Shah, Mandira Bedi"
寄生虫,85,"喜剧, 惊悚, 剧情",金基泽一家四口挤在首尔一间狭小的半地下室里，没有稳定工作，只能靠零散的活计勉强维持生活。一天，儿子基宇经朋友介绍，得到前往富裕的朴社长家担任英语家教的机会。进入这个与自己生活截然不同的家庭后，基宇发现了新的机会，并设法将妹妹基婷包装成艺术老师介绍给朴家。随后，一家人通过精心设计，让父亲和母亲也先后进入朴家工作，而朴家始终不知道这四名新雇员其实来自同一个家庭。就在金家逐渐适应这份来之不易的优渥生活时，一个隐藏在朴家豪宅中的秘密突然出现，两个家庭之间看似稳定的关系也开始走向无法预料的方向……,2019-07-28 (CN),2h 12m,"奉俊昊, 韩进元","宋康昊, 李善均, 曹汝贞, 崔宇植, 朴素丹, 李姃垠, 张慧珍, 朴明勋, 郑知晓"
你的名字。,85,"动画, 爱情, 剧情",生活在深山小镇的高中女生宫水三叶一直向往着东京的生活，而住在东京的高中男生立花泷也过着属于自己的忙碌日常。某天，两人开始在梦中交换身体，以彼此的身份体验完全不同的人生。最初的困惑与争执过后，他们逐渐学会通过留言了解对方，并在一次次交换中建立起特殊的羁绊。然而就在两人越来越在意彼此时，身体交换却突然停止。为了找到那个从未真正见过、却早已深深影响自己的人，泷开始循着记忆中的线索寻找三叶，而隐藏在这场奇妙相遇背后的秘密也逐渐浮出水面……,2016-12-02 (CN),1h 46m,新海诚,"神木隆之介, 上白石萌音, 成田凌, 悠木碧, 岛崎信长, 石川界人, 谷花音, 寺杣昌纪, 大原沙耶香"
星际穿越,85,"冒险, 剧情, 科幻",近未来，地球环境持续恶化，枯萎病和沙尘暴让越来越多农作物消失，人类的生存前景也变得岌岌可危。曾为NASA飞行员的库珀如今与家人在农场生活，一次偶然发现的异常重力现象，却将他和女儿墨菲引向一个仍在秘密运作的NASA基地。布兰德教授告诉他，多年前土星附近出现了一处神秘虫洞，人类已经通过它寻找太阳系之外可能适合居住的新世界。为了给地球上的人类寻找延续文明的希望，库珀决定告别家人，与艾米莉亚·布兰德等人踏上一场穿越虫洞、前往遥远星系的探索之旅。然而在浩瀚宇宙中，距离与时间都将成为他们从未真正面对过的考验……,2014-11-12 (CN),2h 49m,"克里斯托弗·诺兰, Sydney Kenny, 乔纳森·诺兰","马修·麦康纳, 安妮·海瑟薇, 迈克尔·凯恩, 杰西卡·查斯坦, 卡西·阿弗莱克, 韦斯·本特利, 托弗·戈瑞斯, 麦肯基·弗依, 艾伦·伯斯汀"
低俗小说,85,"惊悚, 犯罪, 喜剧",由序幕、尾声及三个独立又环环相扣的故事构成。早餐店两名劫匪打劫时，偶遇黑道打手朱尔斯与文森特；文森特奉命陪伴老大马沙的妻子，深陷诱惑困境；拳击手布奇因祖传金表，和马沙结下恩怨。,2024-04-18 (CN),2h 34m,"昆汀·塔伦蒂诺, 罗杰·阿瓦里","约翰·特拉沃尔塔, 塞缪尔·杰克逊, 乌玛·瑟曼, 布鲁斯·威利斯, 文·瑞姆斯, 哈维·凯特尔, 艾瑞克·斯托罗兹, 蒂姆·罗斯, 阿曼达·普拉莫"
黄金三镖客,85,西部,对三个男人而言，内战并非地狱……而只是热身！克林特·伊斯特伍德再度化身“无名客”，此番联手两名枪手，共同追寻一批价值20万美元的黄金，决不让任何人阻挡——哪怕是内战中的交战派系。,2018-04-16 (CN),2h 41m,"赛尔乔·莱昂内, 卢西亚诺·文森佐尼, 富里奥·斯卡佩利, 艾根诺尔·因克鲁西","克林特·伊斯特伍德, 埃里·瓦拉赫, 李·范·克里夫, 阿尔多·久弗瑞, 路易吉·皮斯蒂利, 拉达·拉西莫夫, 恩佐·佩蒂托, 克劳迪奥·斯卡奇利, 安东尼奥·卡萨莱"
阿甘正传,85,"喜剧, 剧情, 爱情",阿甘出生在美国南方阿拉巴马州一个闭塞的小镇，智商只有75，然而他的妈妈是一位性格坚强的女性，她常常鼓励阿甘要自强不息。阿甘像普通孩子一样上学，并认识了一生的朋友和挚爱珍妮。在珍妮和妈妈的爱护下，阿甘凭着自己出众的奔跑能力，开始了一生不停的奔跑。他先后成为橄榄球明星、越战英雄、乒乓球外交使者和亿万富翁，但始终忘不了珍妮。一次次匆匆的相聚与离别，更加深了阿甘对她的思念。有一天，阿甘收到珍妮的来信，他们终于又要见面……,2020-08-25 (CN),2h 22m,"罗伯特·泽米吉斯, 温斯顿·格鲁姆, 埃里克·罗思","汤姆·汉克斯, 罗宾·怀特, 加里·西尼斯, 莎莉·菲尔德, 麦凯尔泰·威廉逊, 迈克尔·康纳·汉弗莱斯, 汉娜·豪尔, 海利·乔·奥斯蒙, 西奥本·法隆·霍根"
切腹,85,"动作, 剧情, 历史",家族没落后，失业武士仲代达矢来到井伊藩主的宅邸，请求允许他在此切腹自尽。藩主家臣认定这名走投无路的浪人只是想讨份差事，遂逼迫他当场切腹——却低估了他坚守的信念与对尊严的执着。本片由小林正树执导，荣获戛纳电影节评委会特别奖，以凌厉笔触刻画了个体在腐朽伪善体制下的抗争。,1962-09-15 (JP),2h 15m,"小林正树, 安彦滉, 桥本忍","仲代达矢, 石滨朗, 岩下志麻, 丹波哲郎, 三岛雅夫, 中谷一郎, 佐藤庆, 稻叶义男, 井川比佐志"
七武士,85,"动作, 剧情",这部影史最具震撼力的史诗巨制，讲述十六世纪某村庄的绝望村民雇佣七位武士抵御山贼侵袭的故事。黑泽明历时三个多小时的银幕征程，通过传奇演员三船敏郎与志村乔的演绎，将哲学沉思与娱乐观赏、细腻人情与激烈战斗完美交融，铸就这部关于勇气与希望的丰碑之作——其故事之丰饶、意境之深远，令人过目难忘。[标准收藏],1954-04-26 (JP),3h 27m,"黑泽明, 小国英雄, 桥本忍","三船敏郎, 志村乔, 稻叶义男, 宫口精二, 千秋实, 加东大介, 木村功, 津岛惠子, 岛崎由纪子"
Selena Gomez: My Mind & Me,85,"纪录, 音乐",在聚光灯下多年之后，赛琳娜·戈麦斯获得了难以想象的明星地位。但就在她到达一个新的高峰时，一个意外的转折把她拉进了黑暗。这部独特的、亲密的纪录片跨越了她六年的旅程，展现了她新的光芒。,2022-11-02 (US),1h 35m,"阿莱克·凯西西恩, Paul Marchand","赛琳娜·戈麦斯, Raquelle Stevens, Ashley Cook, Liana Blackburn, Brent L. Boxberger, Devyck Bull, Mia Campagna, Rodney Chonia, Samantha Coatsworth"
好家伙,85,"剧情, 犯罪",本片根据真实故事改编，讲述了纽约黑手党血腥的江湖恩怨，把所谓的“江湖道义”还原为人性的丑陋与贪婪。,1990-09-19 (US),2h 25m,"马丁·斯科塞斯, 尼古拉斯·皮莱吉","罗伯特·德尼罗, 雷·利奥塔, 乔·佩西, 洛林·布拉科, 保罗·索维诺, 弗兰克·西维罗, 托尼·达罗, 迈克·斯塔尔, 弗兰克·文森特"
要不要做我儿子？,85,"喜剧, 爱情",四十岁的卢发现相伴十五年的伴侣出轨，生活瞬间崩塌。她在重建自我的过程中，与一位年轻放浪的男子产生了出乎意料的关系。,2023-09-21 (US),2h 20m,Ihtzi Hurtado,"Ludwika Paleta, Juanpa Zurita, 埃尔南·门多萨, Harold Azuara, Agustín Arana, Yuriria del Valle, Karla Rico, Jorge Gidi, Isabel Gonzalez"
萤火虫之墓,85,"动画, 剧情, 战争",1945年，第二次世界大战接近尾声，日本神户在空袭中化为一片火海。14岁的清太带着4岁的妹妹节子逃过轰炸，却在灾难中失去了母亲，而在海军服役的父亲也远在战场。无家可归的兄妹只得寄住在亲戚家中，但随着战争持续、物资愈发匮乏，寄人篱下的生活也变得越来越艰难。最终，清太带着节子离开亲戚家，住进一处废弃的防空洞，试图只依靠彼此活下去。在被战争摧毁的日常中，微弱的萤火与短暂的欢笑，也成为兄妹俩所能拥有的少数温暖……,1988-04-16 (JP),1h 29m,高畑勋,"辰巳努, 白石绫乃, 志乃原良子, 山口明美, 酒井雅代, Kozo Hashida, Kazumi Nozaki, 松冈与志雄, Masahiro Kanetake"
指环王1：护戒使者,84,"冒险, 奇幻, 动作",J.R.R.托尔金的文学巨著首次以电影形式磅礴呈现——这是一场正义对抗邪恶的史诗冒险，一段关于友谊力量与个人勇气的传奇，更是一次为人类纪元开辟道路的英雄征程。,2002-04-04 (CN),3h 48m,"彼得·杰克逊, J.R.R.托尔金, 弗兰·威尔士, 菲利帕·博因斯","伊利亚·伍德, 伊恩·麦克莱恩, 维果·莫特森, 西恩·奥斯汀, 伊恩·霍姆, 丽芙·泰勒, 克里斯托弗·李, 肖恩·宾, 比利·博伊德"
搏击俱乐部,84,"剧情, 惊悚",杰克( 爱德华·诺顿 Edward Norton 饰)是一个充满中年危机意识的人，他非常憎恨自己的生活及一切，再加上他患有严重的失眠症，所以他常常参加各种团体咨询会，只为了能接触人群。在某一个团体咨询会上，杰克遇上了一个跟他同样理由来参加的女烟枪，玛拉(海伦娜·邦汉·卡特 Helena Bonham Carter  饰)，在莫名激素的影响下，杰克和玛拉一起逃离了咨询会，两人的情愫因而滋生…  一个偶然的机会，杰克遇到了卖肥皂的商人泰勒(布拉德·皮特 Brad Pitt 饰)，一个浑身充满叛逆、残酷和暴烈的痞子英雄，并因为自己公寓失火而住进了泰勒破旧不堪的家中。两人因缘际会地成为了好朋友，并创立了“搏击俱乐部”：一个让人们不戴护具而徒手搏击，宗旨在于发泄情绪的地下组织。,1999-10-15 (US),2h 19m,"大卫·芬奇, 恰克·帕拉尼克, 吉姆·乌尔斯","爱德华·诺顿, 布拉德·皮特, 海伦娜·伯翰·卡特, 密特·劳弗, 杰瑞德·莱托, 扎克·格雷尼尔, 霍特·麦克卡兰尼, 伊恩·贝利, 里士满·阿奎特"
美丽人生,84,"喜剧, 剧情",1939年的意大利，乐观幽默的犹太青年圭多邂逅了女教师多拉。经过一连串阴差阳错，两人相爱成家，并有了儿子乔舒亚。然而随着战争的阴影逼近，圭多和儿子因犹太身份被强行送往集中营，没有犹太血统的多拉也毅然选择同行。为了保护年幼的乔舒亚免受残酷现实的伤害，圭多把集中营里的生活编成一场游戏，并告诉他获胜的奖品是一辆真正的坦克。在恐惧与苦难之中，圭多用幽默、想象和父爱守护着儿子的童真，也始终怀抱着一家人再次团聚的希望……,1997-12-20 (IT),1h 56m,"罗伯托·贝尼尼, 文森佐·塞拉米","罗伯托·贝尼尼, 尼可莱塔·布拉斯基, 乔治·坎塔里尼, 朱斯蒂诺·杜拉诺, 赛尔乔·比尼·布斯特里克, 玛丽萨·帕雷德斯, 豪斯特·巴奇霍兹, 莉迪亚·阿方西, 朱利亚娜·洛约迪切"
大卫·爱登堡：地球上的一段生命旅程,84,"纪录, 剧情",大卫·爱登堡讲述了他的一生以及地球上生命的进化史，以此来哀悼自然栖息地的消失，并表达了对未来的愿景。,2020-09-28 (GB),1h 23m,"Keith Scholey, 艾雷斯泰·法瑟吉尔, Jonathan Hughes","大卫·爱登堡, Max Hughes"
天堂电影院,84,"剧情, 爱情",意大利南部的小镇上，男孩多多从小便痴迷电影，总爱跑到“天堂电影院”观看放映，并因此结识了放映师艾佛特。一个古灵精怪，一个嘴硬心软，两人在一卷卷胶片和无数银幕故事中逐渐成为忘年之交，电影院也成了多多童年最重要的地方。一次意外改变了两人的生活，多多开始更加深入地走进电影的世界。随着年岁增长，他经历了青春、初恋与离别，也逐渐发现小镇之外还有更广阔的人生。在艾佛特的陪伴与指引下，多多不得不面对一个重要的选择：是留在熟悉的故乡，还是离开这里，去寻找真正属于自己的未来……,2019-06-15 (CN),2h 4m,朱塞佩·托纳多雷,"菲利浦·诺瓦雷, 雅克·贝汉, 马可·莱昂纳迪, 萨瓦特利·卡西欧, 阿格妮丝·那诺, 安东内拉·阿蒂利, 普佩拉·玛奇奥, 布丽吉特·佛西, 恩佐·卡拉瓦勒"
每个人的每件事,84,纪录,从 Lil Peep卧室录制歌曲到全球巡回演出，以及他留下的巨大影响。,2019-03-10 (US),1h 56m,"Ramez Silyan, Sebastian Jones","Lil Peep, Lil Tracy, GHOSTEMANE, Killstation, Bexey, Juicy J, 波兹·马龙, Liza Womack, John Womack Jr."
人类,84,纪录,"每个人背后都有一个足以撼动心灵的故事。法国知名的摄影师Yann Arthus-Bertrand就用了3年的时间，走访全球60个国家，让2,020位不同肤色、种族、性别的人，在镜头前诉说自己的故事。由乌克兰的自由战士、马里的农民，到美国的死囚，各人的故事集结成一部纪录片《人类》。纪录片中，受访者只站在纯黑色的背景中细诉自己的故事，没有花巧的剪接，甚至不多赘述受访者的身份。每个人自身的经历，足以为观众带来震撼。",2015-09-12 (FR),3h 11m,亚恩·阿蒂斯－贝特朗,
指环王2：双塔奇兵,84,"冒险, 奇幻, 动作",在J.R.R.托尔金史诗三部曲的第二篇章中，护戒同盟队面对难以想象的敌军与诡谲阴谋，同时见证了远古奇迹与同胞未觉醒的力量。,2003-04-25 (CN),3h 55m,"彼得·杰克逊, J.R.R.托尔金, 斯蒂芬·辛克莱, 弗兰·威尔士, 菲利帕·博因斯","伊利亚·伍德, 伊恩·麦克莱恩, 维果·莫特森, 西恩·奥斯汀, 安迪·瑟金斯, 约翰·里斯-戴维斯, 奥兰多·布鲁姆, 伯纳德·希尔, 米兰达·奥托"
上帝之城,84,"剧情, 犯罪",巴西里约热内卢的贫民窟，这里是“上帝之城”，更是魔鬼也会叹息着转身的地方。,2015-04-18 (CN),2h 9m,"费尔南多·梅里尔斯, 保罗·林斯, 布劳利奥·曼托瓦尼","亚历桑德雷·罗德里格斯, 莱安德鲁·菲尔米诺, 菲利佩·哈根森, 道格拉斯·席尔瓦, 乔纳森·哈根森, 马修斯·纳克加勒, 塞乌·乔奇, Jefechander Suplino, 艾莉丝·布拉加"
妙不可言,84,"家庭, 剧情",生活是如此奇妙且难以预测，有时会在最不经意的地方发现幸福：一位七旬老妪和她的少年邻居之间产生了深厚的友谊。,2021-06-17 (MX),1h 28m,"Ernesto Contreras, Estéfani Enríquez Soto","Nora Velázquez, Benny Emmanuel, Luisa Huertas, Salvador Garcini, Andrés Delgado, Gabriela Cartol, Juan Carlos Medellin, Ari Gallegos, Pablo Marín"
蛊惑兄弟,84,"喜剧, 剧情, 奇幻, 爱情",智高和杰克，一对患难穷兄弟，四出寻找工作，最终在面包店找到差事。但店主极为刻薄，兄弟俩的食物比狗还要差。阴差阳错，他们弄死了店主的狗，更要哄骗神父替小狗祈福，闹出笑话连篇。及后智高暗恋大财主之女路仙霞。但智高过于害羞，久久未能成事；杰克唯有替智高制造机会。一日，镇里来了一班悍匪，洗劫村民之余，更进行杀戮游戏……,2000-09-15 (BR),1h 44m,"Guel Arraes, Ariano Suassuna, João Falcão, Adriana Falcão","马修斯·纳克加勒, 赛尔顿·梅罗, 费尔兰德·蒙特纳哥, 罗杰里奥·卡尔多索, Denise Fraga, Diogo Vilela, Luís Melo, Virginia Cavendish, Bruno Garcia"
幸运有八只触手,84,"剧情, 悬疑",一名寡妇在小镇水族馆值夜班，与一只聪明的章鱼及一个迷茫的年轻人培养出独特情谊。,2026-05-08 (US),1h 51m,"奥利维亚·纽曼, 约翰·惠廷顿","莎莉·菲尔德, 刘易斯·普尔曼, 科尔姆·米尼科曼, 阿尔弗雷德·莫里纳, 陈冲, 凯西·贝克, 贝丝·格兰特, 索菲亚·布莱克·德埃利亚, Brandon McEwan"
惊魂记,84,"恐怖, 惊悚, 悬疑",凤凰城一女秘书卷走客户四万美元公款，仓皇出逃途中入住一家偏僻汽车旅馆。旅馆经营者诺曼·贝茨是位受其母亲支配的年轻人。,1960-06-22 (US),1h 49m,"阿尔弗雷德·希区柯克, 罗伯特·布洛克, 约瑟夫·斯蒂凡诺","安东尼·帕金斯, 珍妮特·利, 薇拉·迈尔斯, 约翰·加文, 马丁·巴尔萨姆, 约翰·麦金太尔, 西蒙·奥克兰, 弗兰克·艾伯森, 帕特里夏·希区柯克"
飞越疯人院,84,剧情,在州立精神病院里休养总比蹲监狱强，对吧？兰德尔·P·麦克墨菲（杰克·尼科尔森 饰），一个血管里流淌着闪电、舌绽莲花的自由派骗子，装疯混进了他所谓的“疯子们”中间。很快，他那极具感染力的无序感便与麻木的例行程序发生冲撞。当世界大赛正酣时，这群被镇静剂泡透的家伙怎能披着浴袍拖沓度日？这意味着战争！一方是麦克墨菲，另一方则是轻声细语的拉契特护士（路易丝·弗莱彻 饰）——这位影史上最冷酷可怕的恶魔之一。而赌注，是整个病房每位患者的命运。,2026-04-16 (CN),2h 15m,"米洛斯·福尔曼, 肯·克西, 劳伦斯·豪本, 博·戈德曼","杰克·尼科尔森, 布拉德·道里夫, 路易丝·弗莱彻, 丹尼·德维托, 威廉·雷德菲尔德, 斯加特曼·克罗索斯, 克里斯托弗·劳埃德, 威尔·桑普森, 迪恩·R·布鲁克斯"
保护者,84,"动作, 惊悚",退役军人尼基与女儿克洛伊平静生活，却在废弃工厂醒来后发现女儿遭绑架，她必须重返黑暗世界，对抗人贩子、警察与军方，在72小时黄金救援期内救回女儿。,2026-03-06 (US),1h 32m,"阿德里安·格鲁伯格, Mun-Bong Seub","米拉·乔沃维奇, 马修·莫迪恩, 伊莎贝尔·迈尔斯, D·B·斯威尼, 唐·哈维, 迈克尔·斯塔尔-大卫, 莉迪亚·赫尔, Chase Kim, 布鲁克林·苏丹诺"
蜘蛛侠：平行宇宙,84,"动画, 动作, 冒险, 科幻",布鲁克林少年迈尔斯·莫拉莱斯一直在努力适应新的学校和家庭期待，一次意外却让他被一只神秘蜘蛛咬伤，并逐渐获得了与蜘蛛侠相似的能力。与此同时，犯罪头目金并秘密启动了一台能够打开平行宇宙的时空对撞机，导致不同世界之间的界限开始崩塌。来自另一个宇宙的彼得·帕克因此出现在迈尔斯面前，随后更多拥有不同身份与能力的蜘蛛侠也接连来到这个世界。面对越来越失控的危机，尚未真正掌握力量的迈尔斯不得不和这些陌生的蜘蛛侠并肩行动，并寻找属于自己的英雄之路……,2018-12-21 (CN),1h 56m,"罗德尼·罗斯曼, 菲尔·洛德, 鲍勃·佩尔西凯蒂, 彼得·拉姆齐","沙梅克·摩尔, 杰克·约翰逊, 海莉·斯坦菲尔德, 马赫沙拉·阿里, 布莱恩·泰里·亨利, 莉莉·汤姆林, 劳伦·贝莱斯, 佐伊·克拉维茨, 约翰·穆拉尼"
露西·希姆斯和和平王子,84,"剧情, 家庭",假日季节，一位天使帮助一个冷酷的罪犯和一个早熟的小女孩相遇，并改变了他们的内心，从而给予他们第二次机会。,2020-10-19 (US),1h 27m,Rob Diamond,"Scarlett Diamond, Vincent Vargas, Adam Hightower, Shawn Stevens, Florencia Contreras Stevens, Tara Barrett, Aaron J. Owen, April Dean West, Rachel Olvera"
罗小黑战记,84,"动画, 奇幻, 动作, 冒险",在熙攘的人类世界里，许多妖精隐匿其中，与人类相安无事地生活着。猫妖罗小黑因为家园遭到破坏，被迫开始流浪。在旅途中，他先后遇到妖精同类与人类伙伴，并逐渐卷入人类与妖精之间的纷争。面对截然不同的立场与选择，小黑也开始寻找真正属于自己的归宿……,2019-08-27 (CN),1h 42m,"MTJJ, 彭可欣, 风息","山新, 刘明月, 郝祥海, 叮当, 曹云图, 冯盛, 陈思宇"
声之形,84,"动画, 剧情, 爱情",西宫硝子（早见沙织 配音）生来患有听觉障碍，要依靠助听器和外界交流，口语发音也因此格外的古怪。小学时，硝子转入了一所新的学校，特殊的生理缺陷让她成为了班上引人注目的独特存在，她因此收获了坚实的友情，却也遭到了以男生石田将也（入野自由 配音）为首的小团体的孤立和排挤。随着时 间的推移，无心或有意的恶作剧渐渐升级，最终演变成为了无法挽回的伤害，硝子永远的消失在了众人的眼前。排挤硝子的事情曝光后，将也成为了下一个被欺负的对象，孤独痛苦的他终于理解了硝子的隐忍和温柔，只是他再也没有机会跟硝子道歉了。一次偶然中，将也同硝子重逢了，命运的齿轮重新开始了转动。,2017-09-08 (CN),2h 10m,"山田尚子, 吉田玲子","入野自由, 早见沙织, 悠木碧, 小野贤章, 金子有希, 石川由依, 潘惠美, 丰永利行, 松冈茉优"
素媛,84,剧情,素媛是一个生活在普通家庭里的小女孩，每天在父母的疼爱中平静成长。一个下着雨的早晨，她独自上学途中遭到陌生男子性侵，原本无忧无虑的生活从此被彻底改变。严重的身体伤害和心理创伤让素媛变得恐惧而敏感，甚至一度无法接受父亲的靠近，而突如其来的打击也让整个家庭陷入痛苦。面对女儿难以言说的伤痕，父母和身边的人小心翼翼地陪伴着她，用各自的方式重新给予她安全与温暖。在漫长的伤痛之后，这个家庭也开始努力寻找重新生活下去的希望……,2013-10-02 (KR),2h 2m,"李濬益, 金智慧, 曹重勋","薛景求, 严志媛, 李蕊, 金相浩, 金海淑, 罗美兰, 权泰元, 姜信哲, 徐现宇"
星球大战5：帝国反击战,84,"冒险, 动作, 科幻",星球大战事件三年后，帝国军队继续追捕义军。义军在霍斯冰原星球战败后，卢克前往达戈巴星球，跟随自共和国覆灭后隐居的绝地大师尤达进行训练。为诱使卢克堕入黑暗面，达斯·维达将年轻的天行者引入贝斯平云城的陷阱。在与西斯尊主的激烈光剑对决中，卢克面对一个惊人的真相。[20世纪福克斯],1980-05-21 (US),2h 4m,"厄文·克什纳, 利·布拉克特, 劳伦斯·卡斯丹, 乔治·卢卡斯","马克·哈米尔, 哈里森·福特, 凯丽·费雪, 比利·迪·威廉姆斯, 安东尼·丹尼尔斯, 大卫·鲍罗斯, 彼得·梅休, 肯尼·贝克, 弗兰克·奥兹"
哈尔的移动城堡,84,"奇幻, 动画, 冒险",18岁少女苏菲在街上遇到神秘青年霍尔，霍尔忽然抱起苏菲一同飞上天空，苏菲的心从此深深地被霍尔吸引。然而那天晚上，苏菲被名叫荒地魔女的女巫施了魔法，外表变成了90岁的老婆婆。心灰意冷的苏菲只好整理行李，远离人群，前往霍尔在荒郊野外的城堡……,2004-04-24 (CN),1h 59m,"宫崎骏, 戴安娜·温尼·琼斯","倍赏千惠子, 木村拓哉, 美轮明宏, 我修院达也, 神木隆之介, 伊崎充则, 大泉洋, 大冢明夫, 原田大二郎"
天国与地狱,84,"剧情, 犯罪, 惊悚, 悬疑",在黑泽明这部极具影响力的家庭伦理剧与刑侦叙事杰作中，三船敏郎饰演的富商权藤金吾令人过目难忘——其家人沦为冷血绑匪的勒索目标。改编自艾德·麦可班恩侦探小说《国王的赎金》的本片，游刃有余地从分秒必争的惊悚剧过渡为精准的社会剖析，铸就了一部关于阶级矛盾与当代日本社会的犀利影像论著。[标准收藏公司],1963-03-01 (JP),2h 22m,"黑泽明, 埃文·亨特, 菊岛隆三, 小国英雄, 永井英次郎","三船敏郎, 仲代达矢, 香川京子, 三桥达也, 木村功, 石山健二郎, 加藤武, 志村乔, 田崎润"
七宗罪,84,"犯罪, 悬疑, 惊悚",“暴食”、“贪婪”、“懒惰”、“嫉妒”、“骄傲”、“淫欲”、“愤怒”，这是天主教教义所指的人性七宗罪。城市中发生的连坏杀人案，死者恰好都是犯有这些教义的人。凶手故弄玄虚的作案手法，令资深冷静的警员沙摩塞（摩根•弗里曼 Morgan Freeman 饰）和血气方刚的新扎警员米尔斯（布拉德•皮特 Brad Pitt 饰）都陷入了破案的谜团中。他们去图书馆研读但丁的《神曲》，企图从人间地狱的描绘中找到线索，最后从宗教文学哲学的世界中找到了凶手作案计划和手段的蛛丝马迹。凶手前来投案自首，这令众人都松了一口气，以为案件就此结束，怎料还是逃不出七宗罪的杀人逻辑，这次凶手瞄准的目标，是那个犯了“愤怒”罪的人……,1995-09-22 (CN),2h 7m,"大卫·芬奇, 安德鲁·凯文·沃克","摩根·弗里曼, 布拉德·皮特, 格温妮斯·帕特洛, 约翰·卡西尼, 彼得·克朗比, 雷格·E·凯蒂, 罗纳德·李·埃尔梅, 丹尼尔·萨卡帕, 安德鲁·凯文·沃克"
加百列的地狱,84,"爱情, 剧情",一个迷人的探索诱惑，禁止的爱，和救赎，一个迷人和激情的故事，一个人从他自己的地狱，因为他试图赢得不可能的宽恕和爱。,2020-05-29 (US),2h 2m,"托斯卡·马斯克, Sylvain Reynard, Mary Pocrnic","Melanie Zanetti, 吉欧里奥·贝鲁蒂, 库尔特·麦金尼, Agnes Albright, Margaux Brooke, Ned Van Zandt, Vanessa Kai, Zach Holden"
爆裂鼓手,84,"剧情, 音乐, 惊悚",年轻的爵士鼓手安德鲁·奈曼就读于全国顶尖的音乐学院，师从令人畏惧的爵士乐导师特伦斯·弗莱彻，在成为顶尖爵士鼓手的道路上奋力挣扎。,2024-12-06 (CN),1h 47m,达米恩·查泽雷,"迈尔斯·特勒, J·K·西蒙斯, 保罗·雷瑟, 梅莉莎·班诺伊, 奥斯汀·斯托维尔, 内特·朗, 克里斯·穆基, 达蒙·古普顿, 苏安妮·斯波克"
盗梦空间,84,"动作, 科幻, 冒险",道姆·柯布与同事阿瑟和纳什在一次针对日本能源大亨齐藤（渡边谦 饰）的盗梦行动中失败，反被齐藤利用。齐藤威逼利诱因遭通缉而流亡海外的柯布帮他拆分他竞争对手的公司，采取极端措施在其唯一继承人罗伯特·费希尔的深层潜意识中种下放弃家族公司、自立门户的想法。为了重返美国，柯布偷偷求助于岳父迈尔斯，吸收了年轻的梦境设计师艾里阿德妮、梦境演员艾姆斯和药剂师约瑟夫加入行动。在一层层递进的梦境中，柯布不仅要对付费希尔潜意识的本能反抗，还必须直面已逝妻子梅尔的处处破坏，实际情况远比预想危险得多……,2010-09-01 (CN),2h 28m,克里斯托弗·诺兰,"莱昂纳多·迪卡普里奥, 约瑟夫·高登-莱维特, 渡边谦, 汤姆·哈迪, 艾利奥特·佩吉, 迪利普·劳, 基利安·墨菲, 汤姆·贝伦杰, 玛丽昂·歌迪亚"
美国往事,84,"剧情, 犯罪",　　二十年代的美国，纽约少年“面条”和几个同龄朋友一起认识了聪明狡黠的“麦克斯”，他们开始从事走私活动。不久，面条在一场械斗中杀伤人命，被关进监牢。若干年后，“面条”出狱，当时的小伙伴们已经变成了健壮的青年人，在“麦克斯”的带领下，他们开始了一系列抢劫、盗窃、敲诈活动。随着犯罪活动的不断深入， “麦克斯”似乎被胜利冲昏了头脑，竟然把美国联邦储备银行也列入了行动目标。“面条”不忍眼看好友走向毁灭，偷偷打电话报警，想逼迫“麦克斯”收手。警察与 “面条”的朋友展开激烈枪战，“麦克斯”等人全部被杀。“面条”带着深深的悔恨和痛苦，离开纽约，回到年少时生长的地方。三十五年过去了，几近垂暮的“面条”重新回到纽约的伤心地，他遇见了少时的朋友和旧情人，而当年“麦克斯”他们的死，背后竟然包含着出乎意料的阴谋。,2015-04-23 (CN),2h 19m,"赛尔乔·莱昂内, 哈里·格雷, 恩里科·梅迪奥利, 佛朗哥·费里尼, 莱昂纳多·本韦努蒂, 弗朗哥·阿尔卡利, 皮耶罗·德·贝尔纳迪","罗伯特·德尼罗, 詹姆斯·伍兹, 伊丽莎白·麦戈文, 乔·佩西, 波特·杨, 塔斯黛·韦尔德, 特里特·威廉斯, 丹尼尔·艾洛, 理查德·布莱特"
钢琴家,84,"剧情, 战争",第二次世界大战爆发前夕，波兰犹太裔钢琴家瓦迪斯瓦夫·什皮尔曼仍在华沙电台演奏钢琴。随着德军占领波兰，针对犹太人的迫害不断升级，他和家人被迫迁入华沙犹太区，原本平静的生活也彻底崩塌。在饥饿、暴力与死亡的阴影下，什皮尔曼与家人艰难求生，却又在战争中被迫分离。侥幸逃过驱逐后，他只能依靠朋友的帮助辗转藏身，并在逐渐沦为废墟的华沙中独自躲避搜捕。曾经陪伴他的音乐几乎从生活中消失，而活下去成为他唯一能够坚持的事情……,2003-01-24 (GB),2h 30m,"罗曼·波兰斯基, 罗纳德·哈伍德","阿德里安·布罗迪, 托马斯·克莱舒曼, 弗兰克·芬莱, 穆琳·利普曼, 艾米莉娅·福克斯, 埃德·斯托帕德, 朱莉娅·雷纳, 杰西卡·凯特·迈耶, 米哈乌·热布罗夫斯基"
玩具总动员5,84,"动画, 家庭, 喜剧, 冒险",胡迪、巴斯光年、翠斯等“元老级”玩具将跟随小主人邦妮的成长脚步，共同迎接数字时代下的全新挑战。随着无所不能的科技产品逐渐走进童年世界，一批充满科技感的崭新角色也随之重磅亮相：青蛙造型的智能平板小荷、憨态可掬的导航玩具小不丢、活力十足的抓拍好手小拍侠，以及自带笑点的臭屁小机灵。当身边的同龄朋友们开始沉浸在科技玩具带来的“电子陪伴”中，而玩具伙伴们也迎来了前所未有的生存难题：在屏幕占据注意力的时代，玩具的时代真的结束了吗？在“被取代”危机的当下，这群玩具伙伴还能否携手，帮助邦妮找回属于自己的真实友谊与快乐？,2026-06-19 (CN),1h 42m,"安德鲁·斯坦顿, Kenna Harris","琼·库萨克, 汤姆·汉克斯, 蒂姆·艾伦, 柯南·奥布莱恩, Scarlett Spears, 格蕾塔·李, Shelby Rabara, Mykal-Michelle Harris, 克雷格·罗宾逊"
蜘蛛侠：纵横宇宙,83,"动画, 动作, 冒险, 科幻",成为蜘蛛侠后的迈尔斯·莫拉莱斯一边守护自己的城市，一边努力在英雄身份与家庭生活之间寻找平衡，却始终怀念曾与自己并肩作战的格温和其他伙伴。一次意外重逢后，迈尔斯跟随蜘蛛格温穿越平行宇宙，第一次来到由来自不同世界的蜘蛛侠组成的“蜘蛛联盟”。然而，随着新的威胁不断穿梭于各个宇宙，迈尔斯也发现蜘蛛联盟对于维持多元宇宙秩序有着一套不容挑战的规则。当他的选择与蜘蛛侠2099米格尔·奥哈拉产生冲突时，迈尔斯不得不在众多蜘蛛侠的阻拦下，坚持自己对于“成为蜘蛛侠”究竟意味着什么的答案……,2023-06-02 (CN),2h 20m,"乔伊姆·多斯·桑托斯, 肯普·鲍尔斯, 贾斯汀·K·汤普森, 克里斯托弗·米勒, 戴夫·卡拉汉姆, 菲尔·洛德","沙梅克·摩尔, 海莉·斯坦菲尔德, 布莱恩·泰里·亨利, 劳伦·贝莱斯, 杰克·约翰逊, 奥斯卡·伊萨克, 杰森·薛兹曼, 伊萨·雷, 丹尼尔·卡卢亚"
别假正经,83,"纪录, 音乐",一部关于摇滚乐队传声头的演唱会纪实电影。,2024-06-16 (CN),1h 28m,乔纳森·戴米,"大卫·伯恩, Chris Frantz, Jerry Harrison, Tina Weymouth, Ednah Holt, Lynn Mabry, Steven Scales, Alex Weir, Bernie Worrell"
沉默的羔羊,83,"犯罪, 惊悚, 剧情","在这部改编自托马斯·哈里斯畅销小说的惊世之作中，技艺超凡的导演乔纳森·戴米以令人毛骨悚然的笔触，勾勒出缠绕美国社会的梦魇——连环谋杀。朱迪·福斯特颠覆性地诠释了联邦调查局见习探员克拉丽丝·史达琳的形象，为洞悉另一名连环杀手的心智，她不得不求助于恶名昭彰的""食人魔""汉尼拔·莱克特，此番表演亦成为其演艺生涯中最令人难忘的篇章。与她交锋的安东尼·霍普金斯，则塑造出堪称典范的暗黑英雄形象——优雅博学、机锋凌厉却暗藏杀戮本能，令人战栗地呈现了人性彻底堕落的剖面。这部兼具扣人心弦的刑侦叙事与扭曲心理深度探索的杰作，当年横扫奥斯卡最佳影片、导演、改编剧本、男女主角五项大奖，至今仍是影史文化里程碑。[标准收藏]",2018-04-16 (CN),1h 59m,"乔纳森·戴米, 托马斯·哈里斯, 泰德·塔利","朱迪·福斯特, 安东尼·霍普金斯, 斯科特·格伦, 泰德·拉文, 安东尼·希尔德, 布鲁克·史密斯, 黛安·贝克, 卡斯·莱蒙斯, 弗兰基·费森"
加百列的地狱：第二部,83,"爱情, 剧情",加布里埃尔·爱默生教授终于发现了朱莉娅·米切尔身份的真相，但他的意识到为时已晚。茱莉亚最终希望这位受人尊敬的但丁专家会记住她，并且不想再与他有任何关系。加布里埃尔能在别人的怀抱中找到爱之前赢回她的心吗？,2020-07-31 (US),1h 46m,"托斯卡·马斯克, Sylvain Reynard, Mary Pocrnic","Melanie Zanetti, 吉欧里奥·贝鲁蒂, James Andrew Fraser, Margaux Brooke, Agnes Albright, Purva Bedi, Sahar Bibiyan, Cedric Cannon, Ned Van Zandt"
鱿鱼游戏： 第二季 制作特辑,83,纪录,三年前，鱿鱼游戏由456号选手（李政宰 饰）胜出，他本想远走高飞，却在搭机赴美前临阵反悔，决心展开新计划。成奇勋再度投身这场神秘的生存游戏，又一次赌上性命，与一群新的参赛者一起争夺高达456亿韩元的奖金。,2025-01-03 (KR),28m,,"黄东赫, 李政宰, 李炳宪, 蔡京善, Kim Ji-yong, 孔刘, 魏嘏隽, 任时完, 李阵郁"
防弹少年团：燃烧舞台电影版,83,"音乐, 纪录","防弹少年团的故事将被拍成电影,11月CGV上映!据体育东亚独家报道,讲述防弹少年团成长故事的纪录片形式电影",2018-11-15 (KR),1h 25m,Park Jun-soo,"RM, Jin, SUGA, j-hope, Jimin, 金泰亨, 田柾国"
激进教学,83,剧情,在一个充满忽视、腐败和暴力的墨西哥边境小镇，一名老师决定尝试一种激进的新方法来释放学生的潜力与好奇心，甚至发掘出他们的天才之处。,2023-10-19 (MX),2h 2m,Christopher Zalla,"欧亨尼奥·德伯兹, Daniel Haddad, Jennifer Trejo, Mia Fernanda Solis, Danilo Guardiola Escobar, Gilberto Barraza, Víctor Estrada, Manuel Márquez, Christian Gonzalez"
后窗,83,"惊悚, 悬疑, 剧情",一位足不出户的摄影师透过公寓窗户窥见邻居们的隐秘生活，当他断定其中一人犯下谋杀罪行时，一场扣人心弦的观察与博弈就此展开。詹姆斯·斯图尔特与格蕾丝·凯利联袂出演这场由阿尔弗雷德·希区柯克执导的、在有限空间内层层铺陈悬念的影史经典。,2019-04-13 (CN),1h 53m,"阿尔弗雷德·希区柯克, 约翰·迈克尔·海耶斯","詹姆斯·斯图尔特, 格蕾丝·凯利, 温德尔·科里, 塞尔玛·里特, 雷蒙德·伯尔, 朱迪思·伊芙琳, 罗斯·巴格达萨里安, 乔治娜·达西, 萨拉·伯纳"
加百列的地狱：第三部,83,"爱情, 剧情",一个黑暗的人带着恶意从茱莉亚的过去回来了。加布里埃尔有他需要分享的秘密，但担心如果他这样做，他会失去一切。他们的关系会经受住秘密揭露的考验吗？他们对但丁和弗洛伦斯的共同热爱会是他们所希望的一切吗？,2020-11-19 (US),2h 2m,"托斯卡·马斯克, Sylvain Reynard, Mary Pocrnic","Melanie Zanetti, 吉欧里奥·贝鲁蒂, Rhett Wellington Ramirez, James Andrew Fraser, Margaux Brooke, Pat Asanti, Julia Barrett-Mitchell, 库尔特·麦金尼"
回到未来,83,"冒险, 喜剧, 科幻",马蒂·麦克弗莱，一位典型的八十年代美国青少年，意外被一台由钚动力驱动的德罗宁“时间机器”送回到1955年——这台机器由一位略带疯狂的科学家发明。在这段时常癫狂、总是惊人的穿越之旅中，马蒂必须确保他那正值青春期的未来父母相遇并坠入爱河，他才能顺利返回未来。[官方简介],1985-07-03 (US),1h 56m,"罗伯特·泽米吉斯, 鲍勃·盖尔","迈克尔·J·福克斯, 克里斯托弗·劳埃德, 克里斯平·格洛弗, 莉·汤普森, 克劳迪娅·韦尔斯, 托马斯·F·威尔森, 马克·麦克卢尔, 温迪·乔·斯佩博, 乔治·迪森佐"
美国X档案,83,剧情,德瑞克 的父亲在他很小的时候就被一名黑人毒贩射杀，从此给他幼小的心灵埋下了仇恨的种子。原来德瑞克功课很好，是老师眼中的好学生。但自从父亲遇难后，他就将一切心机都放在了对付有色人种上面。他积极组织起一帮白人青年混混，到处和有色人种对着干。一次，他射杀了两名黑人，因此入狱。入狱后，德瑞克加入了一伙新纳粹的白人。后来，因工作关系他和一名黑人成了好友，他开始反思自己的过去。当他意欲脱离狱中新纳粹组织时，遭到了拳打脚踢。德瑞克出狱后，决心和以前自己组织的帮会脱离关系，带着弟弟远走他乡开始新的生活。,1998-10-30 (US),1h 59m,"托尼·凯耶, 大卫·麦肯纳","爱德华·诺顿, 爱德华·弗朗, 贝弗利·德安杰洛, 詹妮弗·林, 伊桑·苏普利, 费尔鲁扎·鲍克, 艾弗里·布鲁克斯, 埃利奥特·古尔德, 斯泰西·基齐"
同级生,83,"爱情, 动画",夏天时节，东府第一高校要举行合唱祭。在课后合唱训练中，高中二年级A班草壁光（神谷浩史 配音）发现同班的尖子生佐条利人（野岛健儿 配音）并没有开口唱歌。草壁原以为这样的优等生不屑于合唱活动，却在当天放学后发现佐条独自留在教室练习。鬼使神差地，擅长音律的草壁主动提出要帮助佐条练习唱歌。经过多日的相处，草壁渐渐被认真的佐条吸引，却一直苦恼于对方是为了他人才如此努力学习唱歌。到了合唱祭这一天，草壁忽然控制不住情绪，在正式演出中途跑了出去，佐条见状紧张地追上。在空荡荡的校园里，二人终于向对方确定了心意。夏天要结束了，而他们青春的诗篇才刚刚开始。,2016-02-20 (JP),1h 1m,"中村章子, 中村明日美子","野岛健儿, 神谷浩史, 石川英郎, Yurino"
真爱留声,83,"爱情, 喜剧, 剧情",年轻女子给已故姐姐发送的搞笑自白语音留言无意中被转给了陌生人，而这个陌生人竟隔着遥远的距离爱上了她。,2026-06-20 (US),1h 59m,Leah McKendrick,"佐伊·达奇, 尼克·罗宾森, 岑勇康, Leah McKendrick, 席亚拉·博拉沃, Toby Sandeman, 尼克·奥弗曼, 卢卡斯·盖奇, Megan Danso"
幽灵公主,83,"冒险, 奇幻, 动画",室町时代，生活在偏远村落的少年阿席达卡为了保护族人，与一头被邪魔侵蚀的山猪神交战，却因此受到可怕的诅咒。为了寻找诅咒的来源和活下去的方法，他离开故乡前往西方。在旅途中，阿席达卡来到一片古老森林附近，发现以黑帽大人为首的人类为了炼铁不断开采资源，与守护森林的神祇陷入日益激烈的冲突。他也由此遇见了由山犬养大、憎恨人类破坏森林的少女小桑。面对为了生存开拓土地的人类与誓死守护家园的森林生灵，阿席达卡逐渐被卷入双方无法调和的争斗，并试图寻找一条不必以毁灭彼此为代价的道路……,2025-05-01 (CN),2h 14m,宫崎骏,"松田洋治, 石田百合子, 田中裕子, 小林薰, 西村雅彦, 上条恒彦, 美轮明宏, 森光子, 森繁久弥"
生之欲,83,剧情,黑泽明导演生涯的至高成就之一，本片以极致的悲悯凝视死亡，完成对生命的礼赞。志村乔动人诠释胃癌晚期的老公务员渡边勘治，在生命终点踏上追寻意义的旅程。影片以突破性的双段式结构展开，镜头语言浸润着洞察人性本真的人文主义光辉，从多重维度叩问生存的真谛。,1952-10-09 (JP),2h 23m,"黑泽明, 桥本忍, 小国英雄","志村乔, 田中春男, 金子信雄, 左卜全, 小田切美喜, 日守新一, 千秋实, 山田巳之助, 藤原釜足"
荒野机器人,83,"家庭, 动画, 科幻, 冒险",梦工厂动画全新改编文学畅销作品——彼得·布朗荣获大奖、备受喜爱的《纽约时报》榜首畅销书《荒野机器人》。这段史诗冒险讲述机器人“ROZZUM单元7134”（简称“罗兹”）的旅程：她因船只失事流落荒岛，必须学会适应严酷环境，逐渐与岛上动物建立联系，并成为一只孤儿小鹅的养母。[梦工厂影业],2024-09-20 (CN),1h 42m,克里斯·桑德斯,"露皮塔·尼永奥, 佩德罗·帕斯卡, 基特·康纳, 比尔·奈伊, 许玮伦, 马修·贝瑞, 文·瑞姆斯, 马克·哈米尔, 凯瑟琳·欧哈拉"
未麻的部屋,83,"动画, 惊悚",当红三人少女偶像团体Charming Bird面临解散，核心成员雾越未麻在事务所的安排下不得不退出团体，转型成为一名电视剧演员。万事开头难，对于偶像歌手转型而来的未麻尤其如此，她在工作中承受着压力，闷闷不乐。与此同时，各种恐吓信不断、经纪人田所先生遇袭以及以自己的口吻在网站上写日记的神秘人都让未麻焦虑不已，恍惚间她甚至看到另一个自己。未麻的苦恼无人知晓，贪婪的田所甚至同意剧组的剧本，要求未麻出演一场尺度极大的强暴戏。这次演出成为未麻演艺事业的转折点，她的出镜率开始攀升，甚至还拍摄了裸露的写真。与此相对，电视剧编剧涩谷和曾给未麻拍下裸照摄影师村野接连遇害。未麻的生活变得混乱不堪，真相究竟如何？本片荣获1997年亚洲奇幻电影节最佳亚洲影片。,2024-04-18 (CN),1h 21m,"今敏, 竹内义和, 村井贞之","岩男润子, 松本梨香, 新山志保, 大仓正章, 辻亲八, 古川惠实子, 秋元羊介, 盐屋翼, 堀秀行"
音魂掠影,83,"纪录, 音乐, 历史",由著名导演#朱塞佩·托纳多雷#编剧并执导，吉亚尼·罗素、王家卫等人任监制，聚焦意大利音乐大师埃尼奥·莫里康内的传记电影#50年一瞬间的魔幻时刻#正在进行后期制作，计划2020年公映。,2022-02-17 (IT),2h 36m,朱塞佩·托纳多雷,"埃尼奥·莫里康内, 西尔瓦诺·阿戈斯蒂, 亚历山德罗·亚历山德罗尼, Fausto Ancillai, 达里欧·阿基多, 琼·贝兹, Sergio Bassetti, Bruno Battisti D'Amario, 马可·贝罗奇奥"
紫罗兰永恒花园 剧场版,83,"动画, 剧情, 奇幻, 爱情",——「爱」究竟是什么？  曾经将「爱」告诉自己、 给予自己的，重要的人。  即使想见，却再也见不到。 永远。 放开了手的、最最重要的那个人。  从事代笔业的她，名字是「薇尔莉特·伊芙加登」。自幼身为士兵参战，没能获得培育心灵机会的她，无法理解自己重要的上司「吉尔伯特·布干维利亚」所留下的话语。——我从心底，爱着你。  让人们背负深深伤痕的战争结束之后，经过数年。生活随着新技术的开发而改变，人们开始面向前方前进。但，薇尔莉特坚信着吉尔伯特还在某处活着，每一天只是思念着他。——亲爱的吉尔伯特少校。今天我又再一次回忆起了少校的事情。薇尔莉特强烈的愿望，溶解在静谧的夜当中。  在吉尔伯特母亲的月忌日，薇尔莉特像是要代替他一般地献上鲜花。某天，她与吉尔伯特的哥哥·迪特福利特海军上校不期而遇。迪特福利特告诉她是时候该忘记吉尔伯特了，但薇尔莉特立刻做出了答复。「我无法忘记」。  就在此时，薇尔莉特接到了一通委托电话。委托人是名叫尤里斯的少年。另一方面，在邮政公司的仓库里，发现了一封收信人不明的信……。,2021-12-25 (CN),2h 20m,"石立太一, 晓佳奈, 吉田玲子","石川由依, 浪川大辅, 子安武人, 木内秀信, 户松遥, 内山昂辉, 远藤绫, 茅原实里, 水桥香织"
死亡诗社,83,剧情,威尔顿预备学院以其沉稳凝重的教学风格和较高的升学率闻名，作为其毕业班的学生，理想就是升入名校。新学期文学老师约翰·基汀（罗宾·威廉姆斯 饰）的到来如同一阵春风，一反传统名校的严肃刻板...,2026-04-17 (CN),2h 8m,"彼得·威尔, 托马斯·舒尔曼","罗宾·威廉姆斯, 罗伯特·肖恩·莱纳德, 伊桑·霍克, 乔西·查尔斯, 盖尔·汉森, 迪伦·库斯曼, 阿莱隆·鲁杰罗, 詹姆斯·沃特斯顿, 诺曼·劳埃德"
带来灵魂：防弹少年团演唱会电影,83,"音乐, 纪录",据媒体报道防弹少年团 第三部演唱会电影《Bring the Soul：The Movie》确定将于8月7日全球同步上映并公开了海报。据悉，该电影记录了防弹少年团从首尔开始经过众多的城市，结束漫长的欧洲巡演后在围坐在巴黎一个小小的屋顶举行属于他们自己的庆祝宴的模样。另外，《Bring the Soul：The Movie》将展现防弹少年团7名成员各样的魅力，他们率真坦诚的面貌将带给观众心动和感动，该片将于8月7日上映。,2019-08-07 (KR),1h 43m,Park Jun-soo,"RM, Jin, SUGA, j-hope, Jimin, 金泰亨, 田柾国"
五等分的新娘 剧场版,83,"动画, 喜剧, 爱情",为了让「濒临留级」又「讨厌学习」的美少女五姐妹通过学校考试毕业，主角风太郎以兼职家庭教师的身份来到中野家指导她们的课业，也因此渐渐与五胞胎们培养出感情。怀抱着各种想法的各人也迎来高中生活最后的活动「学园祭」。「学园祭第一天15时请到教室来。」聚集在教室里的五胞胎们，风太郎想告诉她们的是……,2022-05-20 (JP),2h 16m,"神保昌登, 大知庆一郎","松冈祯丞, 花泽香菜, 竹达彩奈, 伊藤美来, 佐仓绫音, 水濑祈, 高森奈津美, 日野聪"
这个杀手不太冷,83,"犯罪, 剧情, 动作",里昂是名孤独的职业杀手，受人雇佣。一天，邻居家小姑娘马蒂尔达敲开他的房门，要求在他那里暂避杀身之祸。原来邻居家的主人是警方缉毒组的眼线，只因贪污了一小包毒品而遭恶警杀害全家的惩罚。马蒂尔达得到里昂的留救，幸免于难，并留在里昂那里。里昂教小女孩使枪，她教里昂法文，两人关系日趋亲密，相处融洽。女孩想着去报仇，反倒被抓，里昂及时赶到，将女孩救回。混杂着哀怨情仇的正邪之战渐次升级，更大的冲突在所难免……,2024-11-01 (CN),2h 13m,吕克·贝松,"让·雷诺, 娜塔莉·波特曼, 加里·奥德曼, 丹尼尔·艾洛, 彼得·阿佩尔, 迈克尔·巴达卢科, 艾伦·格林, 弗兰克·赛格, 伊丽莎白·雷恩"
献给我的前妻,83,"剧情, 喜剧",这部电影讲述了21岁的阿里尔的故事：为筹钱挽回濒临破裂的恋情、与前女友重逢，他决定组建一支摇滚乐队，参加奖金高达一万美元的乐队大赛，这已是他最后的办法——此前，女友因要前往芬兰实习，两人的感情走到了尽头。阿里尔和好友奥尔特加一起举办海选招募乐队其他成员，尽管两人对音乐一窍不通，最终还是组建起一支成员性格迥异、喜好截然不同的乐队。,2019-11-08 (EC),1h 34m,"Jorge Ulloa, Diego Ulloa, Julio Pañi, Nataly Valencia","Raúl Santana, Nataly Valencia, Carlos Alcántara, Biassini Segura, 玛丽安娜·特雷维尼, 欧亨尼奥·德伯兹, Orlando Herrera, Alfredo Espinosa, Gabriel Montiel"
我们如此相爱,83,"剧情, 喜剧",安东尼奥（尼诺·曼弗莱迪 Nino Manfredi 饰）、贾尼（维托里奥·加斯曼 Vittorio Gassman 饰）和尼古拉（Stefano Satta Flores 饰）是战争时代的生死之交。战争结束后，他们回归了家乡，开始了各自迥异的生活。安东尼奥结识了美丽女孩露西安娜（斯蒂芬尼娅·桑德雷莉 Stefania Sandrelli 饰），坠入了情网，可露西安娜喜欢的却偏偏是贾尼。可最终，贾尼选择同侯爵女儿结婚，露西安娜陷入了痛苦之中，此时，安东尼奥再度出现在了露西安娜的身边，陪伴守护着她。露西安娜一直希望能够成为一名演员，为了实现理想，她甚至不惜向负责挑选演员的负责人献出了肉体。几经波折，安东尼奥和露西安娜总算坦诚相对，互诉衷肠，一对璧人终于走到了一起。,1974-12-21 (IT),2h 4m,"埃托雷·斯科拉, 富里奥·斯卡佩利, 艾根诺尔·因克鲁西","Nino Manfredi, 维托里奥·加斯曼, 斯特法尼娅·桑德雷莉, Stefano Satta Flores, Giovanna Ralli, Aldo Fabrizi, Marcella Michelangeli, Elena Fabrizi, Fiammetta Baralla"
大独裁者,83,"喜剧, 战争",在其备受争议的杰作中，查理·卓别林既尖刻地讽刺了阿道夫·希特勒，又巧妙地颠覆了自身的喜剧形象。在其首部纯有声片中，卓别林以精湛的肢体表现力分饰两角：残酷而滑稽的“托曼尼亚”独裁者，以及被错认成他的善良犹太理发师。凭借杰克·奥克与宝莲·高黛的精彩配角演绎，这部在美国正式加入二战前便大胆直指法西斯领导人的作品，将政治讽喻与肢体喜剧熔铸成登峰造极的艺术表达，最终在卓别林那段传世的激扬演说中达到高潮。,2021-09-19 (CN),2h 5m,查理·卓别林,"查理·卓别林, 波莱特·戈达德, 杰克·奥基, 雷金纳德·加德纳, 亨利·丹尼尔, 比利·吉尔伯特, 格蕾丝·海尔, 卡特·德黑文, 莫里斯·莫斯科维奇"
夜与雾,83,"纪录, 历史",　　1956年导演阿伦•雷乃用摄影机带领观众重回奥斯维辛。当年纳粹集中营的旧址上已是一片祥和美丽的野外风光。然而时间倒回到1933年纳粹党掌权之时，整个城市被阴霾笼罩——大片修建起来的集中营房排列整齐，大量犹太人被抓进集中营开始接受非人的折磨和侮辱。这里对人种进行分级，在皮肤上纹上编号，在衣服上缝制等级的徽章。疾病，饥饿，劳役使集中营尸体遍地。1942年希莱姆到访，奉行“破坏”政策，集中营难民进入更加悲惨的境遇，被药品公司买下用作实验。1945年，集中营人数倍增后已不堪负荷，成堆的尸体被推土机推入大坑掩埋......,1956-05-22 (FR),32m,"阿伦·雷乃, 让·凯罗尔","Michel Bouquet, Reinhard Heydrich, Heinrich Himmler, 阿道夫·希特勒, Julius Streicher"
摩登时代,83,"喜剧, 剧情, 爱情",二十年代的美国处于经济萧条时期，失业率居高不下，工人受尽压榨，成为了大机器生产中的一颗螺丝钉。查理就是一个底层市民，他在一个机器隆隆的厂房里日以继夜地工作，以赚取微薄的收入。重复繁重的工作压得他喘不过气，他把人们的鼻子当成螺丝钉来拧，卷入流水线机器的皮带里，令人苦笑不得。,1936-09-17 (CN),1h 27m,查理·卓别林,"查理·卓别林, 波莱特·戈达德, 亨利·伯格曼, 蒂尼·桑福德, 切斯特·康克林, 汉克·曼恩, 斯坦利·布莱斯通, 阿尔·欧内斯特·加西亚, 理查德·亚历山大"
捕风追影,83,"动作, 犯罪, 剧情, 惊悚",一伙天才盗匪劫走数亿资产，却凭借超强反侦察能力全身而退，戏耍警方“天眼”系统。一筹莫展之际，澳门司警局请回了隐退多年的跟踪专家黄德忠，他培养年轻司警何秋果等人，重组“神秘跟踪队”，最终锁定了盗匪团的幕后狼王傅隆生。当警方布下天罗地网之时，盗匪团也设下局中局，斗智斗勇斗心眼，一场高端猫鼠局拉开帷幕……,2025-08-16 (CN),2h 21m,杨子,"成龙, 张子枫, 梁家辉, 此沙, 文俊辉, 周政杰, 王杍逸, 郎月婷, 林秋楠"
边境奇袭,83,"动作, 冒险, 惊悚",一场人质营救行动带来了新的敌人，格雷罗上尉和他的精英士兵们必须应对残忍犯罪团伙的埋伏。,2025-02-28 (MX),1h 25m,"Chava Cartas, José Rubén Escalante Méndez","路易斯·阿伯提, 诺伊·埃尔南德斯, Leonardo Alonso, Luis Curiel, Guillermo Nava, David Calderón León, Mayra Batalla, 依斯菲尔 加那利, Ishbel Bautista"
生活多美好,83,"剧情, 家庭, 奇幻",一位天使被派往人间，帮助一位万念俱灰的商人，向他展现假如他从未存在过，生活将会是怎样的光景。,1946-12-20 (US),2h 11m,"弗兰克·卡普拉, 弗朗西丝·古德里奇, 阿尔伯特·莫里斯·哈克特","詹姆斯·斯图尔特, 唐娜·里德, 莱昂内尔·巴里摩尔, 托马斯·米切尔, 亨利·特拉弗斯, 比尤拉·邦蒂, 弗兰克·费伦, 埃德温·邦德, 格洛丽亚·格雷厄姆"
惩罚者：最后一击,83,"动作, 剧情, 犯罪",失去家人多年后，弗兰克·卡塞尔依然被过去的创伤与幻象困扰，试图远离曾经作为“惩罚者”的暴力人生。然而，犯罪家族首领努奇为了替死去的亲人复仇，对弗兰克发出悬赏，引来大批罪犯追杀。随着暴力逐渐波及身边的无辜者，原本想要逃离过去的弗兰克不得不再次作出选择。在复仇与守护之间，他开始重新审视自己作为“惩罚者”的意义……,2026-05-12 (US),51m,"雷纳尔多·马库斯·格林, 老约翰·维克多·罗米塔, 杰瑞·康威, Ross Andru, 乔·博恩瑟","乔·博恩瑟, 黛博拉·安·沃尔, Jason R. Moore, 朱迪丝·莱特, Kelli Barrett, 安德烈·洛优, 约翰·道格拉斯·汤普森, Colton Hill, Nick Koumalatsos"
从天而降,83,"喜剧, 剧情, 音乐",墨西哥传奇人物佩德罗·因凡特（Pedro Infante）在地球上又获得了一次机会，可以为自己与女性的交往赎罪，并在一个模仿者的身体里赢得天堂.,2019-12-24 (MX),1h 52m,"Pepe Bojórquez, Alfredo Felix-Diaz","奥马尔·查帕罗, 安娜·克劳迪娅·塔兰孔, Stephanie Cayo, Lupita Sandoval, Yare Santana, 安赫丽卡·玛丽娅, Manuel 'Flaco' Ibáñez, Alejandro Gasque, Juan Alberto Villareal"
触不可及,83,"剧情, 喜剧",富有的菲利普因一场滑翔伞事故导致高位瘫痪，需要招聘一名全职陪护。前来应聘的人络绎不绝，却始终无法让他满意。直到刚刚出狱的德希斯出现，他本无意得到这份工作，只想拿到一张求职被拒的证明，却意外被菲利普选中，开始了一个月的试用期。一个生活优渥、行动不便，一个出身底层、自由不羁，两人的生活方式和价值观截然不同。在日复一日的相处中，德希斯用毫无顾忌的方式打破了菲利普沉闷的生活，而菲利普也让德希斯接触到一个从未了解过的世界。两个原本毫无交集的人，逐渐建立起一段超越身份与阶层的友谊……,2011-11-02 (FR),1h 52m,"奥利维埃·纳卡什, 埃里克·托莱达诺, 菲利普·波佐·迪·博尔戈","弗朗索瓦·克鲁塞, 奥玛·希, 安娜·勒尼, 奥黛丽·弗洛罗, Joséphine de Meaux, 克洛蒂尔德·莫莱特, 阿尔巴·盖亚·贝鲁吉, 西里尔·门迪, Salimata Kamate"
日落大道,83,剧情,好莱坞的声名终会消散——只需问问诺玛·戴斯蒙德。她曾是影坛传奇，如今已成被人遗忘的旧时代残影。当穷困潦倒的编剧乔·吉利斯误入她那衰败的宅邸，便陷入了她偏执与妄想的罗网。起初看似机遇的邂逅，很快演变为一场危机四伏的困局。这部作品被广泛认为是好莱坞黄金时代最伟大的影片之一，它以阴郁、扭曲又萦绕人心的视角，凝视着好莱坞的轮回——那里青春是流通货币，才华转瞬即逝，而聚光灯终会黯淡。[派拉蒙影业],2026-04-16 (CN),1h 50m,"比利·怀尔德, 查尔斯·威廉·布莱克特, 小D.M.马什曼","威廉·霍尔顿, 格洛丽亚·斯旺森, 埃里克·冯·施特罗海姆, 南希·奥尔森, 弗雷德·克拉克, 劳埃德·高夫, 杰克·韦伯, 富兰克林·法纳姆, 拉里·J·布莱克"
西部往事,83,"剧情, 西部",塞尔吉奥·莱昂内的这部不朽史诗，其恢弘堪比取景地纪念碑谷，其气度媲美星光熠熠的杰出演员阵容，其粗粝不羁正如每个孩子想象中的狂野西部。影片围绕一名神秘的口琴客、一位寻找杀父仇人的寡妇、一个亡命之徒以及一名铁路大亨之间错综复杂的关系展开，以恩尼奥·莫里康内传奇般的配乐为灵魂，塑造了影史中最令人难忘的西部片开场与结局。这是一首对正在消逝的旧西部的挽歌，也是一部永远重塑了该类型的杰作。,2018-04-16 (CN),2h 46m,"赛尔乔·莱昂内, 塞尔吉奥·多纳蒂, 贝纳尔多·贝托鲁奇, 达里欧·阿基多","克劳迪娅·卡汀娜, 亨利·方达, 杰森·罗巴兹, 查尔斯·布朗森, 加布里埃尔·费泽蒂, Paolo Stoppa, 伍迪·斯特罗德, 杰克·伊莱姆, 基南·怀恩"
现代启示录,83,"剧情, 战争",越战期间，威拉德上尉受命执行一项危险任务，深入柬埔寨刺杀一位脱离建制的叛变上校——此人已在当地部落自封神明。,1979-05-19 (CN),3h 22m,"弗朗西斯·科波拉, 约瑟夫·康拉德, 约翰·米利厄斯","马丁·辛, 马龙·白兰度, 弗雷德里克·福雷斯特, 阿尔伯特·海尔, 劳伦斯·菲什伯恩, 山姆·伯顿斯, 罗伯特·杜瓦尔, 格瓦斯·杜安·斯普拉德林, 哈里森·福特"
新世纪福音战士剧场版：Air／真心为你,83,"动画, 科幻, 剧情, 奇幻, 动作",《新世纪福音战士》系列第二部剧场版，于 1997 年 7 月 19 日在日本上映。全名：《新世纪福音战士剧场版：THE END OF EVANGELION》（日语：新世紀エヴァンゲリオン 劇場版 THE END OF EVANGELION - Air/まごころを、君に，英语：NEON GENESIS EVANGELION: THE END OF EVANGELION - AIR/SINCERELY YOURS）。剧情承接 TV 动画版第 24 集，包括了重新制作的第 25 、第 26 话。在这部剧场版中第 25 话的名字是 “AIR”（天空），而副标题是 “LOEV IS DESTRUCTIVE”（爱是一种伤害）；第 26 话的名字是 “YOUR SINCERELY”（真心为你），副标题是“ONE MORE FINAL: I NEED YOU”（再说最后一遍：我需要你）。剧场版的每一话都和电视版一样有一个 “EYE - CATCH” 镜头（即每集中间那个黑底白字的英文标题）。这部剧场版标志着整个旧世纪《新世纪福音战士》的终结。影片分成 “Air” 与 “真心为你” 两个部分。神秘的 EVA 零号机驾驶员绫波丽，在与碇元渡约定之时，来到了 NERV 底层中央教条的红色水池边。她的命运似乎就将在此结束。在危急时刻，葛城美里不但要完成加持良治交待的对“第二次浩劫”真相以及“人类补完计划”的探查工作，还要保护碇真嗣与明日香，以及防备 SEELE 对初号机与二号机的物理接触。出于对碇元渡的憎恨，赤木律子接受了 SEELE 引爆 MAGI 的提案，她能否成功 ？长期与 SEELE 共事的碇元度、冬月耕造、碇唯，为了防止人类“最终的悲剧”，而酝酿了的“人类补完计划”能否实现 ？尽在《新世纪福音战士》电影版第 2 部中解答。,1997-07-19 (JP),1h 27m,"庵野秀明, 鹤卷和哉","绪方惠美, 林原惠美, 三石琴乃, 宫村优子, 立木文彦, 长泽美树, 子安武人, 优希比吕, 山口由里子"
