名称,上映日期,类型,时长,评分,语言,导演,演员,简介,上映年份
蝙蝠侠：骑士陨落,2026-08-25 (US),"动画,动作,冒险,剧情",1h 19m,92,英语,Jeff Wamester,"安森·蒙特,迈克尔·曼多,巴勃罗·施赖伯,杰夫·本内特,路易斯·贝穆德斯,布鲁斯·博克斯莱特纳,Jessica Camacho,Anthony Crivello,大卫·达斯马齐连,查看更多",被称为“贝恩”的神秘巨兽只身突破阿卡姆疯人院，将蝙蝠侠的全部宿敌尽数释放到哥谭街头，整座城市瞬间陷入前所未有的犯罪狂潮。蝙蝠侠为了追捕四散的反派，日夜不休地奔波在哥谭的各个角落，精神与体力都被消耗到极限。而这一切，都是贝恩精心策划的棋局——他在暗处冷眼观察，步步紧逼，用连绵不绝的危机一点点消磨披风斗士的意志，一步步将蝙蝠侠推向身心双重崩溃的临界点。,2026
安昂传奇：最后的气宗,2026-07-24 (US),"动画,冒险,奇幻,动作",1h 39m,91,英语,劳伦·蒙哥马利,"Eric Nam,戴夫·巴蒂斯塔,杰西卡·马滕,Román Zaragoza,史蒂文·元,Dionne Quan,迪·布拉雷·贝克尔,芙蕾达·平托,关继威,查看更多",派拉蒙和尼克宣布“降世神通”系列开发三部新的电影，仍是动画形式。第一部由《降世神通：最后的气宗》导演Lauren Montgomery执导，《最后的气宗》主创Bryan Konietzko和Michael DiMartino担任制片人。,2026
奇幻变身大冒险,2026-05-01 (US),"冒险,动画,家庭,奇幻",1h 42m,89,英语,内森·格雷诺,"迈克尔·B·乔丹,朱诺·坦普尔,特雷西·摩根,塞德里克·凯尔斯,贾斯蒂娜·马查多,内特·托伦斯,Camden Brooks,塔塔·维加,安比卡·茂德,查看更多",森林中的一个小生物和一只高贵的鸟突然互换了身体，他们不得不结伴而行，共同应对此生最疯狂的冒险。,2026
不期而遇的姐妹,2026-03-12 (MX),"喜剧,爱情",1h 25m,88,西班牙语,Ihtzi Hurtado,"安吉丽娅·博耶,Bárbara de Regil,Diego Klein,Lucía Uribe,Isabella Camil,Gabriela Platas,Laura Flores,Elena Pérez,César Rodríguez,查看更多",两位女子发现自己被同一个男人欺骗，且两人都被他弄怀孕了。于是她们联手展开报复。,2026
鬼灭之刃：无限城篇 第一章 猗窝座再袭,2025-11-14 (CN),"动画,动作,奇幻",2h 35m,88,日语,外崎春雄,"花江夏树,樱井孝宏,石田彰,下野纮,细谷佳正,早见沙织,宫野真守,上田丽奈,中村悠一,查看更多",当鬼杀队的成员和柱之人在为即将到来的与鬼的战斗做准备，完成共同的体能训练——柱之训练时，鬼舞辻无惨在产屋敷宅邸出现。由于鬼杀队的主公处于危险之中，炭治郎和柱急忙赶往总部，但却被鸣女推入一个神秘的异空间。炭治郎和鬼杀队的目标是鬼的堡垒——无限城。因此，鬼杀队和鬼之间的最终战斗的战场已经准备就绪。,2025
夜巡毒枭,2026-08-21 (MX),"犯罪,动作,惊悚",1h 31m,88,西班牙语,Chava Cartas,"Alfonso Herrera,诺伊·埃尔南德斯,Hector Kotsifakis,Paola Fernández,Gerardo Trejoluna,Fernando Cuautle,Alejandra Vazquez De Leon,Santiago Colores,Berenice Mastretta,查看更多",两位墨西哥员警不幸得罪一名残忍的毒枭后，必须拼命撑过值勤的最后几小时。改编自真实事件。,2026
肖申克的救赎,2026-08-28 (CN),"剧情,犯罪",2h 22m,87,英语,弗兰克·德拉邦特,"蒂姆·罗宾斯,摩根·弗里曼,鲍勃·冈顿,威廉姆·赛德勒,克兰西·布朗,吉尔·贝罗斯,小詹姆斯·艾伦·惠特莫尔,马克·罗斯顿,杰弗里·德蒙,查看更多",1947年，银行家安迪·杜佛兰因被控杀害妻子及其情人，尽管始终坚称清白，仍被判处两项无期徒刑，送入缅因州的肖申克监狱服刑。在残酷而压抑的监狱生活中，安迪凭借冷静、智慧和始终未曾熄灭的希望逐渐赢得狱友们的尊重，并与能够在狱中弄到各种物品的瑞德建立起深厚的友谊。漫长的岁月里，他始终没有让高墙彻底改变自己，也开始用自己的方式影响身边的人，以及这座看似牢不可破的监狱……,2026
教父,1972-03-24 (US),"剧情,犯罪",2h 55m,87,英语,弗朗西斯·科波拉,"马龙·白兰度,阿尔·帕西诺,詹姆斯·凯恩,罗伯特·杜瓦尔,理查德·萨尔瓦托雷·卡斯特拉诺,黛安·基顿,塔莉亚·夏尔,詹尼·鲁索,斯特林·海登,查看更多",40年代的美国，“教父”维托·唐·柯里昂是黑手党柯里昂家族的首领，带领家族从事非法的勾当，但同时他也是许多弱小平民的保护神，深得人们爱戴。因为拒绝了毒枭索洛索的毒品交易要求，柯里昂家族和纽约其他几个黑手党家族的矛盾激化、圣诞前夕，索洛索劫持了“教父”的参谋汤姆，并派人暗杀“教父”；因为内奸的出卖，“教父”的大儿子逊尼被仇家杀害；小儿子麦克也被卷了进来，失去爱妻。黑手党家族之间的矛盾越来越白热化。年老的“教父”面对丧子之痛怎样统领全局？黑手党之间的仇杀如何落幕？谁是家族的内奸？谁又能够成为新一代的“教父”？血雨腥风和温情脉脉，在这部里程碑式的黑帮史诗巨片里真实上演。,1972
挽救计划,2026-03-20 (CN),"科幻,冒险",2h 36m,86,英语,"克里斯托弗·米勒,菲尔·洛德","瑞恩·高斯林,桑德拉·惠勒,詹姆斯·奥尔蒂斯,莱昂内尔·博伊斯,米拉娜·薇恩翠,肯·兰格,普里亚·坎萨拉,米娅·索特里乌,安内尔·奥拉耶,查看更多",太阳正在被“吃”掉，绝望吞噬地球。一名“平凡”的中学教师格雷斯（瑞恩·高斯林 饰）背负全人类的希望，踏上“太空不归路”。末路孤旅中，他意外遇到一位外星萌友，一个同样身陷绝境的外星工程师，这对“宇宙搭子”成了两个文明最后的救命稻草。他们能否在资源紧缺的情况下攻克重重科学谜题，寻回唯一的希望火种？ 影片改编自安迪·威尔的同名畅销科幻小说。,2026
迈克尔·杰克逊：巨星之路,2026-04-24 (CN),"音乐,剧情",2h 16m,86,英语,安东尼·福奎阿,"贾法尔·杰克逊,科尔曼·多明戈,尼娅·朗,Juliano Krue Valdi,凯琳·杜雷尔·琼斯,迈尔斯·特勒,拉伦茨·泰特,劳拉·哈里尔,麦克·梅尔斯,查看更多",本片将通过一段从未展现过的深度视角，真实记录传奇巨星迈克尔·杰克逊的复杂人生。影片不仅再现了他最具标志性的艺术表演瞬间，更深入挖掘了他的内心世界——从天才神童的成长阵痛到全球偶像背后的争议与坚韧，全面呈现这位伟大艺术家的辉煌与坎坷。,2026
年轻的心,2024-12-18 (BE),"剧情,爱情",1h 37m,86,荷兰语,安东尼·沙特曼,"卢·古森斯,马里乌斯·德·赛格,基尔特·范·朗拜博格,艾米莉·德·鲁,德克·凡·迪克,朱尔·古森斯,埃兹拉·范·东根,Olivier Englebert,Olga De Saeger,查看更多",埃利亚斯是一个十四岁的男孩，在一个小村庄长大，他在这里感到自己像个局外人。在遇到新邻居兼同龄人亚历山大后，埃利亚斯开始面对自己逐渐显露的性意识。,2024
十二怒汉,1957-04-10 (US),剧情,1h 36m,86,英语,西德尼·吕美特,"马丁·巴尔萨姆,约翰·菲尔德,李·科布,E·G·马歇尔,杰克·克卢格曼,爱德华·宾斯,杰克·沃登,亨利·方达,约瑟夫·斯威尼,查看更多",西德尼·吕美特执导的本片堪称电影史上最颠覆的法庭剧。这部改编自雷金纳德·罗斯电视剧的经典之作，以密室内群像戏的精炼笔法，透视美国司法体系的肌理，张力十足。亨利·方达饰演的异议者，在由白人男性组成的陪审团中孤身抗辩——其余成员皆急于裁定被控弑父的波多黎各少年有罪。故事在一个闷热的午后、一间汗流浃背的房间里层层推进，最终凝聚成一部史诗规模的思辨传奇。吕美特这部震撼人心的导演处女作，精准捕捉了1950年代美国社会变革的前夜，成就了影史不朽的首作丰碑。[标准收藏],1957
教父2,1974-12-20 (US),"剧情,犯罪",3h 20m,86,英语,弗朗西斯·科波拉,"阿尔·帕西诺,罗伯特·杜瓦尔,黛安·基顿,罗伯特·德尼罗,约翰·卡扎尔,塔莉亚·夏尔,李·斯特拉斯伯格,迈克尔·V·格佐,格瓦斯·杜安·斯普拉德林,查看更多",作为《教父》的续篇，影片延续了科莱昂家族两代权力交替的史诗。科波拉在第二部分中讲述了两条故事线：由罗伯特·德尼罗以非凡演技演绎的年轻教父维托的根源与崛起，以及迈克尔（阿尔·帕西诺饰）作为新任教父的上位之路。,1974
辛德勒的名单,2019-04-06 (CN),"剧情,历史,战争",3h 15m,86,英语,史蒂文·斯皮尔伯格,"连姆·尼森,本·金斯利,拉尔夫·费因斯,卡罗琳·古道尔,乔纳森·萨加尔,艾伯斯·戴维斯,马尔戈萨·格贝尔,什穆埃尔·利维,马克·伊瓦涅,查看更多",1939年，纳粹德国入侵波兰。德国商人奥斯卡·辛德勒来到被占领的克拉科夫，利用自己的人脉和金钱开办了一家搪瓷厂，并雇用被迫劳动的犹太人生产军需用品，希望借战争获取财富。随着纳粹对犹太人的迫害不断升级，辛德勒亲眼目睹了克拉科夫犹太区遭到清剿，以及无数普通人被驱逐和杀害。曾经只关心生意与利益的他开始发生改变，并利用自己的工厂、财富以及与纳粹官员之间的关系，尽可能保护身边的犹太工人。在愈发疯狂的屠杀与战争阴影下，一场以生命为代价的救援也由此悄然展开……,2019
我的挚爱杀手,2026-05-06 (TH),"动作,剧情,爱情",2h 8m,86,泰语,Taweewat Wantha,"平采娜·乐维瑟派布恩,朋抔·丽拉达纳卡宗,西瓦空·阿杜素提恭,恰约隆·西岚亚堤迪,托尼·拉卡恩,Teerawat Mulvilai,丹楚鹏,Kessarin Ektawatkul,Chanudom Suksathit,查看更多",年轻女子因拥有罕见血型而遭人追捕，自小被杀手家族扶养长大。当复仇心切的敌人为了她的血再度现身，她决心与挚爱并肩作战，为自由奋战到底。,2026
电锯人剧场版：蕾塞篇,2025-09-19 (JP),"动画,动作,爱情,奇幻",1h 40m,85,日语,吉原达矢,"户谷菊之介,井泽诗织,楠木灯,上田丽奈,坂田将吾,菲鲁兹·蓝,高桥花林,花江夏树,内田夕夜,查看更多",故事延续TV动画的最终章，讲述男主角电次在偶然邂逅的神秘少女蕾塞的庇护下，在快节奏的战斗中，奔向难以预测的命运。  电次，一个少年，与“电锯恶魔”签订契约，化身“电锯人”，成为隶属于公安部魔物对策特别课四课的魔物猎人，与魔物战斗。正兴奋地等待着与心仪的女性、公安部上司玛奇玛约会，却遭遇突如其来的暴雨，不得不在雨中避雨。在避雨的过程中，他邂逅了名为蕾塞的少女。在附近咖啡馆工作的蕾塞对电次露出了和善的笑容，两人迅速成为了好朋友。这次邂逅标志着电次的日常生活发生了重大改变。,2025
蝙蝠侠：黑暗骑士,2018-04-07 (CN),"动作,惊悚,犯罪",2h 32m,85,英语,克里斯托弗·诺兰,"克里斯蒂安·贝尔,希斯·莱杰,艾伦·艾克哈特,迈克尔·凯恩,玛吉·吉伦哈尔,加里·奥德曼,摩根·弗里曼,莫妮克·加布里埃拉·库尔内,罗恩·迪恩,查看更多",在蝙蝠侠、警官詹姆斯·戈登和地方检察官哈维·丹特的共同努力下，哥谭市的犯罪势力受到前所未有的打击。然而，自称“小丑”的神秘罪犯突然出现，以毫无规则的暴力和精心策划的犯罪不断挑战城市秩序，也将蝙蝠侠、戈登和丹特一步步逼入道德与人性的困境。面对一个无法用常规逻辑理解的敌人，蝙蝠侠必须在守护哥谭与坚守自身原则之间作出艰难选择……,2018
千与千寻,2019-06-21 (CN),"动画,家庭,奇幻",2h 5m,85,日语,宫崎骏,"柊瑠美,入野自由,夏木真理,内藤刚志,泽口靖子,我修院达也,神木隆之介,玉井夕海,大泉洋,查看更多",10岁的千寻跟随父母搬家途中，意外穿过一条神秘隧道，闯入了一个属于神灵的奇异世界。父母因为擅自吃下供奉给神灵的食物而被变成猪，惊慌失措的千寻则在神秘少年白龙的帮助下得以留下。为了在这个世界生存并寻找救回父母的方法，她不得不到汤婆婆掌管的“油屋”浴场工作。在形形色色的神灵与不可思议的遭遇中，原本胆小任性的千寻开始学会独自面对困难，而她也必须找到离开这里、带父母重返人类世界的方法……,2019
绿里奇迹,1999-12-10 (US),"奇幻,剧情,犯罪",3h 9m,85,英语,弗兰克·德拉邦特,"汤姆·汉克斯,大卫·摩斯,邦妮·亨特,迈克尔·克拉克·邓肯,詹姆斯·克伦威尔,迈克尔·杰特,格雷厄姆·格林,道格·休切逊,山姆·洛克威尔,查看更多",1935年。美国南部惨淡肃杀的冷山监狱。这里有片一英里长的绿地，人们叫它“绿里”。不过，它的居民皆为死囚，在绿地的另一头，便是行刑用的电椅。保罗·艾治科姆（汤姆·汉 克斯饰）是这里的狱监，对于走过“绿里”、继而在电椅上惨叫毙命的死囚行刑程序，他俨然已无动于衷。除了保罗及其爱妻简外，“绿里”上还有凶残的副狱监豪威尔，有施虐倾向 的狱吏佩西，良心未泯的看守海尔和他身患绝症的妻子美琳达，喜用宠物鼠逗狱吏和诸“难友”取乐的德拉克，连环杀人狂威廉，负疚深重的犯人彼特等一干形形色色的人们。他们之 间充满了敌意和不屑。但神秘的约翰·考夫利的到来改变了一切。考夫利因谋杀两名幼女被 判死罪，他相貌恐怖，体形硕大，却出奇地平和、敏感而缄默，天真时甚至像个孩子，同时， 他似乎还具有一种不可名状的神秘力量，令人不由自主地对其产生信任感，这不禁让艾治科姆对其罪行是否属实深怀疑问。 真情无法取代程式，考夫利终要走过“绿里”。在这个貌似粗鲁的男人即将赴死的刹那，“绿里”上的人们以不同以往的形式实现了各自生命的重要跨越。,1999
指环王3：王者无敌,2004-03-15 (CN),"冒险,奇幻,动作",4h 23m,85,英语,彼得·杰克逊,"伊利亚·伍德,伊恩·麦克莱恩,维果·莫特森,西恩·奥斯汀,安迪·瑟金斯,多米尼克·莫纳汉,比利·博伊德,约翰·诺伯,大卫·文翰,查看更多",索伦大军为剿灭人类种族，已对刚铎都城米那斯提力斯展开围攻。这座昔日的伟大王国由一位日渐衰弱的摄政王守护，此刻比任何时候都更需要它的王者归来。但阿拉贡能否回应血脉的召唤，成为命定之君？中土世界的命运，正系于他宽阔的双肩。,2004
勇夺芳心,1995-10-20 (IN),"喜剧,剧情,爱情",3h 10m,85,印地语,Aditya Chopra,"卡卓儿,沙鲁克·汗,阿莫瑞什·普瑞,法莉達·賈勒爾,阿努潘·凯尔,Pooja Ruparel,Parmeet Sethi,Satish Shah,Mandira Bedi,查看更多",乔德利和妻子结婚多年，一直十分恩爱。两人共同养育了两个女儿希姆莱和图吉，两个姑娘都出落得亭亭玉立。一晃眼，希姆莱就到了该嫁人的年纪了，尽管乔德利一家人已经在伦敦生活了二十多年了，但乔德利骨子里依旧是一个传统的印度人。乔德利将希姆莱许配给了朋友的儿子库杰，这让希姆莱感到十分不满。一次偶然中，希姆莱邂逅了名为拉杰的印度男子，尽管拉杰为人轻浮，油腔滑调，但希姆莱还是同他坠入了情网。得知此事的乔德利举家迁回了印度，拉杰亦紧跟其后，他要如何才能获得乔德利的认可呢？,1995
寄生虫,2019-07-28 (CN),"喜剧,惊悚,剧情",2h 12m,85,朝鲜语,奉俊昊,"宋康昊,李善均,曹汝贞,崔宇植,朴素丹,李姃垠,张慧珍,朴明勋,郑知晓,查看更多",金基泽一家四口挤在首尔一间狭小的半地下室里，没有稳定工作，只能靠零散的活计勉强维持生活。一天，儿子基宇经朋友介绍，得到前往富裕的朴社长家担任英语家教的机会。进入这个与自己生活截然不同的家庭后，基宇发现了新的机会，并设法将妹妹基婷包装成艺术老师介绍给朴家。随后，一家人通过精心设计，让父亲和母亲也先后进入朴家工作，而朴家始终不知道这四名新雇员其实来自同一个家庭。就在金家逐渐适应这份来之不易的优渥生活时，一个隐藏在朴家豪宅中的秘密突然出现，两个家庭之间看似稳定的关系也开始走向无法预料的方向……,2019
星际穿越,2014-11-12 (CN),"冒险,剧情,科幻",2h 49m,85,英语,克里斯托弗·诺兰,"马修·麦康纳,安妮·海瑟薇,迈克尔·凯恩,杰西卡·查斯坦,卡西·阿弗莱克,韦斯·本特利,托弗·戈瑞斯,麦肯基·弗依,艾伦·伯斯汀,查看更多",近未来，地球环境持续恶化，枯萎病和沙尘暴让越来越多农作物消失，人类的生存前景也变得岌岌可危。曾为NASA飞行员的库珀如今与家人在农场生活，一次偶然发现的异常重力现象，却将他和女儿墨菲引向一个仍在秘密运作的NASA基地。布兰德教授告诉他，多年前土星附近出现了一处神秘虫洞，人类已经通过它寻找太阳系之外可能适合居住的新世界。为了给地球上的人类寻找延续文明的希望，库珀决定告别家人，与艾米莉亚·布兰德等人踏上一场穿越虫洞、前往遥远星系的探索之旅。然而在浩瀚宇宙中，距离与时间都将成为他们从未真正面对过的考验……,2014
你的名字。,2016-12-02 (CN),"动画,爱情,剧情",1h 46m,85,日语,新海诚,"神木隆之介,上白石萌音,成田凌,悠木碧,岛崎信长,石川界人,谷花音,寺杣昌纪,大原沙耶香,查看更多",生活在深山小镇的高中女生宫水三叶一直向往着东京的生活，而住在东京的高中男生立花泷也过着属于自己的忙碌日常。某天，两人开始在梦中交换身体，以彼此的身份体验完全不同的人生。最初的困惑与争执过后，他们逐渐学会通过留言了解对方，并在一次次交换中建立起特殊的羁绊。然而就在两人越来越在意彼此时，身体交换却突然停止。为了找到那个从未真正见过、却早已深深影响自己的人，泷开始循着记忆中的线索寻找三叶，而隐藏在这场奇妙相遇背后的秘密也逐渐浮出水面……,2016
低俗小说,2024-04-18 (CN),"惊悚,犯罪,喜剧",2h 34m,85,英语,昆汀·塔伦蒂诺,"约翰·特拉沃尔塔,塞缪尔·杰克逊,乌玛·瑟曼,布鲁斯·威利斯,文·瑞姆斯,哈维·凯特尔,艾瑞克·斯托罗兹,蒂姆·罗斯,阿曼达·普拉莫,查看更多",由序幕、尾声及三个独立又环环相扣的故事构成。早餐店两名劫匪打劫时，偶遇黑道打手朱尔斯与文森特；文森特奉命陪伴老大马沙的妻子，深陷诱惑困境；拳击手布奇因祖传金表，和马沙结下恩怨。,2024
黄金三镖客,2018-04-16 (CN),西部,2h 41m,85,意大利语,赛尔乔·莱昂内,"克林特·伊斯特伍德,埃里·瓦拉赫,李·范·克里夫,阿尔多·久弗瑞,路易吉·皮斯蒂利,拉达·拉西莫夫,恩佐·佩蒂托,克劳迪奥·斯卡奇利,安东尼奥·卡萨莱,查看更多",对三个男人而言，内战并非地狱……而只是热身！克林特·伊斯特伍德再度化身“无名客”，此番联手两名枪手，共同追寻一批价值20万美元的黄金，决不让任何人阻挡——哪怕是内战中的交战派系。,2018
切腹,1962-09-15 (JP),"动作,剧情,历史",2h 15m,85,-,小林正树,"仲代达矢,石滨朗,岩下志麻,丹波哲郎,三岛雅夫,中谷一郎,佐藤庆,稻叶义男,井川比佐志,查看更多",家族没落后，失业武士仲代达矢来到井伊藩主的宅邸，请求允许他在此切腹自尽。藩主家臣认定这名走投无路的浪人只是想讨份差事，遂逼迫他当场切腹——却低估了他坚守的信念与对尊严的执着。本片由小林正树执导，荣获戛纳电影节评委会特别奖，以凌厉笔触刻画了个体在腐朽伪善体制下的抗争。,1962
阿甘正传,2020-08-25 (CN),"喜剧,剧情,爱情",2h 22m,85,英语,罗伯特·泽米吉斯,"汤姆·汉克斯,罗宾·怀特,加里·西尼斯,莎莉·菲尔德,麦凯尔泰·威廉逊,迈克尔·康纳·汉弗莱斯,汉娜·豪尔,海利·乔·奥斯蒙,西奥本·法隆·霍根,查看更多",阿甘出生在美国南方阿拉巴马州一个闭塞的小镇，智商只有75，然而他的妈妈是一位性格坚强的女性，她常常鼓励阿甘要自强不息。阿甘像普通孩子一样上学，并认识了一生的朋友和挚爱珍妮。在珍妮和妈妈的爱护下，阿甘凭着自己出众的奔跑能力，开始了一生不停的奔跑。他先后成为橄榄球明星、越战英雄、乒乓球外交使者和亿万富翁，但始终忘不了珍妮。一次次匆匆的相聚与离别，更加深了阿甘对她的思念。有一天，阿甘收到珍妮的来信，他们终于又要见面……,2020
七武士,1954-04-26 (JP),"动作,剧情",3h 27m,85,日语,黑泽明,"三船敏郎,志村乔,稻叶义男,宫口精二,千秋实,加东大介,木村功,津岛惠子,岛崎由纪子,查看更多",这部影史最具震撼力的史诗巨制，讲述十六世纪某村庄的绝望村民雇佣七位武士抵御山贼侵袭的故事。黑泽明历时三个多小时的银幕征程，通过传奇演员三船敏郎与志村乔的演绎，将哲学沉思与娱乐观赏、细腻人情与激烈战斗完美交融，铸就这部关于勇气与希望的丰碑之作——其故事之丰饶、意境之深远，令人过目难忘。[标准收藏],1954
Selena Gomez: My Mind & Me,2022-11-02 (US),"纪录,音乐",1h 35m,85,-,阿莱克·凯西西恩,"赛琳娜·戈麦斯,Raquelle Stevens,Ashley Cook,Liana Blackburn,Brent L. Boxberger,Devyck Bull,Mia Campagna,Rodney Chonia,Samantha Coatsworth,查看更多",在聚光灯下多年之后，赛琳娜·戈麦斯获得了难以想象的明星地位。但就在她到达一个新的高峰时，一个意外的转折把她拉进了黑暗。这部独特的、亲密的纪录片跨越了她六年的旅程，展现了她新的光芒。,2022
萤火虫之墓,1988-04-16 (JP),"动画,剧情,战争",1h 29m,85,日语,高畑勋,"辰巳努,白石绫乃,志乃原良子,山口明美,酒井雅代,Kozo Hashida,Kazumi Nozaki,松冈与志雄,Masahiro Kanetake,查看更多",1945年，第二次世界大战接近尾声，日本神户在空袭中化为一片火海。14岁的清太带着4岁的妹妹节子逃过轰炸，却在灾难中失去了母亲，而在海军服役的父亲也远在战场。无家可归的兄妹只得寄住在亲戚家中，但随着战争持续、物资愈发匮乏，寄人篱下的生活也变得越来越艰难。最终，清太带着节子离开亲戚家，住进一处废弃的防空洞，试图只依靠彼此活下去。在被战争摧毁的日常中，微弱的萤火与短暂的欢笑，也成为兄妹俩所能拥有的少数温暖……,1988
好家伙,1990-09-19 (US),"剧情,犯罪",2h 25m,85,英语,马丁·斯科塞斯,"罗伯特·德尼罗,雷·利奥塔,乔·佩西,洛林·布拉科,保罗·索维诺,弗兰克·西维罗,托尼·达罗,迈克·斯塔尔,弗兰克·文森特,查看更多",本片根据真实故事改编，讲述了纽约黑手党血腥的江湖恩怨，把所谓的“江湖道义”还原为人性的丑陋与贪婪。,1990
要不要做我儿子？,2023-09-21 (US),"喜剧,爱情",2h 20m,84,英语,Ihtzi Hurtado,"Ludwika Paleta,Juanpa Zurita,埃尔南·门多萨,Harold Azuara,Agustín Arana,Yuriria del Valle,Karla Rico,Jorge Gidi,Isabel Gonzalez,查看更多",四十岁的卢发现相伴十五年的伴侣出轨，生活瞬间崩塌。她在重建自我的过程中，与一位年轻放浪的男子产生了出乎意料的关系。,2023
指环王1：护戒使者,2002-04-04 (CN),"冒险,奇幻,动作",3h 48m,84,英语,彼得·杰克逊,"伊利亚·伍德,伊恩·麦克莱恩,维果·莫特森,西恩·奥斯汀,伊恩·霍姆,丽芙·泰勒,克里斯托弗·李,肖恩·宾,比利·博伊德,查看更多",J.R.R.托尔金的文学巨著首次以电影形式磅礴呈现——这是一场正义对抗邪恶的史诗冒险，一段关于友谊力量与个人勇气的传奇，更是一次为人类纪元开辟道路的英雄征程。,2002
妙不可言,2021-06-17 (MX),"家庭,剧情",1h 28m,84,西班牙语,Ernesto Contreras,"Nora Velázquez,Benny Emmanuel,Luisa Huertas,Salvador Garcini,Andrés Delgado,Gabriela Cartol,Juan Carlos Medellin,Ari Gallegos,Pablo Marín,查看更多",生活是如此奇妙且难以预测，有时会在最不经意的地方发现幸福：一位七旬老妪和她的少年邻居之间产生了深厚的友谊。,2021
搏击俱乐部,1999-10-15 (US),"剧情,惊悚",2h 19m,84,英语,大卫·芬奇,"爱德华·诺顿,布拉德·皮特,海伦娜·伯翰·卡特,密特·劳弗,杰瑞德·莱托,扎克·格雷尼尔,霍特·麦克卡兰尼,伊恩·贝利,里士满·阿奎特,查看更多",杰克( 爱德华·诺顿 Edward Norton 饰)是一个充满中年危机意识的人，他非常憎恨自己的生活及一切，再加上他患有严重的失眠症，所以他常常参加各种团体咨询会，只为了能接触人群。在某一个团体咨询会上，杰克遇上了一个跟他同样理由来参加的女烟枪，玛拉(海伦娜·邦汉·卡特 Helena Bonham Carter  饰)，在莫名激素的影响下，杰克和玛拉一起逃离了咨询会，两人的情愫因而滋生…  一个偶然的机会，杰克遇到了卖肥皂的商人泰勒(布拉德·皮特 Brad Pitt 饰)，一个浑身充满叛逆、残酷和暴烈的痞子英雄，并因为自己公寓失火而住进了泰勒破旧不堪的家中。两人因缘际会地成为了好朋友，并创立了“搏击俱乐部”：一个让人们不戴护具而徒手搏击，宗旨在于发泄情绪的地下组织。,1999
美丽人生,1997-12-20 (IT),"喜剧,剧情",1h 56m,84,意大利语,罗伯托·贝尼尼,"罗伯托·贝尼尼,尼可莱塔·布拉斯基,乔治·坎塔里尼,朱斯蒂诺·杜拉诺,赛尔乔·比尼·布斯特里克,玛丽萨·帕雷德斯,豪斯特·巴奇霍兹,莉迪亚·阿方西,朱利亚娜·洛约迪切,查看更多",1939年的意大利，乐观幽默的犹太青年圭多邂逅了女教师多拉。经过一连串阴差阳错，两人相爱成家，并有了儿子乔舒亚。然而随着战争的阴影逼近，圭多和儿子因犹太身份被强行送往集中营，没有犹太血统的多拉也毅然选择同行。为了保护年幼的乔舒亚免受残酷现实的伤害，圭多把集中营里的生活编成一场游戏，并告诉他获胜的奖品是一辆真正的坦克。在恐惧与苦难之中，圭多用幽默、想象和父爱守护着儿子的童真，也始终怀抱着一家人再次团聚的希望……,1997
每个人的每件事,2019-03-10 (US),,1h 56m,84,英语,"Sebastian Jones,Ramez Silyan","Lil Peep,Lil Tracy,GHOSTEMANE,Killstation,Bexey,Juicy J,波兹·马龙,Liza Womack,John Womack Jr.,查看更多",从 Lil Peep卧室录制歌曲到全球巡回演出，以及他留下的巨大影响。,2019
人类,2015-09-12 (FR),纪录,3h 11m,84,法语,亚恩·阿蒂斯－贝特朗,,"每个人背后都有一个足以撼动心灵的故事。法国知名的摄影师Yann Arthus-Bertrand就用了3年的时间，走访全球60个国家，让2,020位不同肤色、种族、性别的人，在镜头前诉说自己的故事。由乌克兰的自由战士、马里的农民，到美国的死囚，各人的故事集结成一部纪录片《人类》。纪录片中，受访者只站在纯黑色的背景中细诉自己的故事，没有花巧的剪接，甚至不多赘述受访者的身份。每个人自身的经历，足以为观众带来震撼。",2015
天堂电影院,2019-06-15 (CN),"剧情,爱情",2h 4m,84,意大利语,朱塞佩·托纳多雷,"菲利浦·诺瓦雷,雅克·贝汉,马可·莱昂纳迪,萨瓦特利·卡西欧,阿格妮丝·那诺,安东内拉·阿蒂利,普佩拉·玛奇奥,布丽吉特·佛西,恩佐·卡拉瓦勒,查看更多",意大利南部的小镇上，男孩多多从小便痴迷电影，总爱跑到“天堂电影院”观看放映，并因此结识了放映师艾佛特。一个古灵精怪，一个嘴硬心软，两人在一卷卷胶片和无数银幕故事中逐渐成为忘年之交，电影院也成了多多童年最重要的地方。一次意外改变了两人的生活，多多开始更加深入地走进电影的世界。随着年岁增长，他经历了青春、初恋与离别，也逐渐发现小镇之外还有更广阔的人生。在艾佛特的陪伴与指引下，多多不得不面对一个重要的选择：是留在熟悉的故乡，还是离开这里，去寻找真正属于自己的未来……,2019
大卫·爱登堡：地球上的一段生命旅程,2020-09-28 (GB),"纪录,剧情",1h 23m,84,英语,"Jonathan Hughes,艾雷斯泰·法瑟吉尔,Keith Scholey","大卫·爱登堡,Max Hughes",大卫·爱登堡讲述了他的一生以及地球上生命的进化史，以此来哀悼自然栖息地的消失，并表达了对未来的愿景。,2020
指环王2：双塔奇兵,2003-04-25 (CN),"冒险,奇幻,动作",3h 55m,84,英语,彼得·杰克逊,"伊利亚·伍德,伊恩·麦克莱恩,维果·莫特森,西恩·奥斯汀,安迪·瑟金斯,约翰·里斯-戴维斯,奥兰多·布鲁姆,伯纳德·希尔,米兰达·奥托,查看更多",在J.R.R.托尔金史诗三部曲的第二篇章中，护戒同盟队面对难以想象的敌军与诡谲阴谋，同时见证了远古奇迹与同胞未觉醒的力量。,2003
上帝之城,2015-04-18 (CN),"剧情,犯罪",2h 9m,84,葡萄牙语,费尔南多·梅里尔斯,"亚历桑德雷·罗德里格斯,莱安德鲁·菲尔米诺,菲利佩·哈根森,道格拉斯·席尔瓦,乔纳森·哈根森,马修斯·纳克加勒,塞乌·乔奇,Jefechander Suplino,艾莉丝·布拉加,查看更多",巴西里约热内卢的贫民窟，这里是“上帝之城”，更是魔鬼也会叹息着转身的地方。,2015
蛊惑兄弟,2000-09-15 (BR),"喜剧,剧情,奇幻,爱情",1h 44m,84,葡萄牙语,Guel Arraes,"马修斯·纳克加勒,赛尔顿·梅罗,费尔兰德·蒙特纳哥,罗杰里奥·卡尔多索,Denise Fraga,Diogo Vilela,Luís Melo,Virginia Cavendish,Bruno Garcia,查看更多",智高和杰克，一对患难穷兄弟，四出寻找工作，最终在面包店找到差事。但店主极为刻薄，兄弟俩的食物比狗还要差。阴差阳错，他们弄死了店主的狗，更要哄骗神父替小狗祈福，闹出笑话连篇。及后智高暗恋大财主之女路仙霞。但智高过于害羞，久久未能成事；杰克唯有替智高制造机会。一日，镇里来了一班悍匪，洗劫村民之余，更进行杀戮游戏……,2000
罗小黑战记,2019-08-27 (CN),"动画,奇幻,动作,冒险",1h 42m,84,-,MTJJ,"山新,刘明月,郝祥海,叮当,曹云图,冯盛,陈思宇",在熙攘的人类世界里，许多妖精隐匿其中，与人类相安无事地生活着。猫妖罗小黑因为家园遭到破坏，被迫开始流浪。在旅途中，他先后遇到妖精同类与人类伙伴，并逐渐卷入人类与妖精之间的纷争。面对截然不同的立场与选择，小黑也开始寻找真正属于自己的归宿……,2019
惊魂记,1960-06-22 (US),"恐怖,惊悚,悬疑",1h 49m,84,英语,阿尔弗雷德·希区柯克,"安东尼·帕金斯,珍妮特·利,薇拉·迈尔斯,约翰·加文,马丁·巴尔萨姆,约翰·麦金太尔,西蒙·奥克兰,弗兰克·艾伯森,帕特里夏·希区柯克,查看更多",凤凰城一女秘书卷走客户四万美元公款，仓皇出逃途中入住一家偏僻汽车旅馆。旅馆经营者诺曼·贝茨是位受其母亲支配的年轻人。,1960
幸运有八只触手,2026-05-08 (US),"剧情,悬疑",1h 51m,84,英语,奥利维亚·纽曼,"莎莉·菲尔德,刘易斯·普尔曼,科尔姆·米尼科曼,阿尔弗雷德·莫里纳,陈冲,凯西·贝克,贝丝·格兰特,索菲亚·布莱克·德埃利亚,Brandon McEwan,查看更多",一名寡妇在小镇水族馆值夜班，与一只聪明的章鱼及一个迷茫的年轻人培养出独特情谊。,2026
露西·希姆斯和和平王子,2020-10-19 (US),,1h 27m,84,英语,Rob Diamond,"Scarlett Diamond,Vincent Vargas,Adam Hightower,Shawn Stevens,Florencia Contreras Stevens,Tara Barrett,Aaron J. Owen,April Dean West,Rachel Olvera,查看更多",假日季节，一位天使帮助一个冷酷的罪犯和一个早熟的小女孩相遇，并改变了他们的内心，从而给予他们第二次机会。,2020
飞越疯人院,2026-04-16 (CN),剧情,2h 15m,84,英语,米洛斯·福尔曼,"杰克·尼科尔森,布拉德·道里夫,路易丝·弗莱彻,丹尼·德维托,威廉·雷德菲尔德,斯加特曼·克罗索斯,克里斯托弗·劳埃德,威尔·桑普森,迪恩·R·布鲁克斯,查看更多",在州立精神病院里休养总比蹲监狱强，对吧？兰德尔·P·麦克墨菲（杰克·尼科尔森 饰），一个血管里流淌着闪电、舌绽莲花的自由派骗子，装疯混进了他所谓的“疯子们”中间。很快，他那极具感染力的无序感便与麻木的例行程序发生冲撞。当世界大赛正酣时，这群被镇静剂泡透的家伙怎能披着浴袍拖沓度日？这意味着战争！一方是麦克墨菲，另一方则是轻声细语的拉契特护士（路易丝·弗莱彻 饰）——这位影史上最冷酷可怕的恶魔之一。而赌注，是整个病房每位患者的命运。,2026
蜘蛛侠：平行宇宙,2018-12-21 (CN),"动画,动作,冒险,科幻",1h 56m,84,英语,"罗德尼·罗斯曼,彼得·拉姆齐,鲍勃·佩尔西凯蒂","沙梅克·摩尔,杰克·约翰逊,海莉·斯坦菲尔德,马赫沙拉·阿里,布莱恩·泰里·亨利,莉莉·汤姆林,劳伦·贝莱斯,佐伊·克拉维茨,约翰·穆拉尼,查看更多",布鲁克林少年迈尔斯·莫拉莱斯一直在努力适应新的学校和家庭期待，一次意外却让他被一只神秘蜘蛛咬伤，并逐渐获得了与蜘蛛侠相似的能力。与此同时，犯罪头目金并秘密启动了一台能够打开平行宇宙的时空对撞机，导致不同世界之间的界限开始崩塌。来自另一个宇宙的彼得·帕克因此出现在迈尔斯面前，随后更多拥有不同身份与能力的蜘蛛侠也接连来到这个世界。面对越来越失控的危机，尚未真正掌握力量的迈尔斯不得不和这些陌生的蜘蛛侠并肩行动，并寻找属于自己的英雄之路……,2018
素媛,2013-10-02 (KR),剧情,2h 2m,84,朝鲜语,李濬益,"薛景求,严志媛,李蕊,金相浩,金海淑,罗美兰,权泰元,姜信哲,徐现宇,查看更多",素媛是一个生活在普通家庭里的小女孩，每天在父母的疼爱中平静成长。一个下着雨的早晨，她独自上学途中遭到陌生男子性侵，原本无忧无虑的生活从此被彻底改变。严重的身体伤害和心理创伤让素媛变得恐惧而敏感，甚至一度无法接受父亲的靠近，而突如其来的打击也让整个家庭陷入痛苦。面对女儿难以言说的伤痕，父母和身边的人小心翼翼地陪伴着她，用各自的方式重新给予她安全与温暖。在漫长的伤痛之后，这个家庭也开始努力寻找重新生活下去的希望……,2013
声之形,2017-09-08 (CN),"动画,剧情,爱情",2h 10m,84,日语,山田尚子,"入野自由,早见沙织,悠木碧,小野贤章,金子有希,石川由依,潘惠美,丰永利行,松冈茉优,查看更多",西宫硝子（早见沙织 配音）生来患有听觉障碍，要依靠助听器和外界交流，口语发音也因此格外的古怪。小学时，硝子转入了一所新的学校，特殊的生理缺陷让她成为了班上引人注目的独特存在，她因此收获了坚实的友情，却也遭到了以男生石田将也（入野自由 配音）为首的小团体的孤立和排挤。随着时 间的推移，无心或有意的恶作剧渐渐升级，最终演变成为了无法挽回的伤害，硝子永远的消失在了众人的眼前。排挤硝子的事情曝光后，将也成为了下一个被欺负的对象，孤独痛苦的他终于理解了硝子的隐忍和温柔，只是他再也没有机会跟硝子道歉了。一次偶然中，将也同硝子重逢了，命运的齿轮重新开始了转动。,2017
星球大战5：帝国反击战,1980-05-21 (US),"冒险,动作,科幻",2h 4m,84,英语,厄文·克什纳,"马克·哈米尔,哈里森·福特,凯丽·费雪,比利·迪·威廉姆斯,安东尼·丹尼尔斯,大卫·鲍罗斯,彼得·梅休,肯尼·贝克,弗兰克·奥兹,查看更多",星球大战事件三年后，帝国军队继续追捕义军。义军在霍斯冰原星球战败后，卢克前往达戈巴星球，跟随自共和国覆灭后隐居的绝地大师尤达进行训练。为诱使卢克堕入黑暗面，达斯·维达将年轻的天行者引入贝斯平云城的陷阱。在与西斯尊主的激烈光剑对决中，卢克面对一个惊人的真相。[20世纪福克斯],1980
保护者,2026-03-06 (US),"动作,惊悚",1h 32m,84,英语,阿德里安·格鲁伯格,"米拉·乔沃维奇,马修·莫迪恩,伊莎贝尔·迈尔斯,D·B·斯威尼,唐·哈维,迈克尔·斯塔尔-大卫,莉迪亚·赫尔,Chase Kim,布鲁克林·苏丹诺,查看更多",退役军人尼基与女儿克洛伊平静生活，却在废弃工厂醒来后发现女儿遭绑架，她必须重返黑暗世界，对抗人贩子、警察与军方，在72小时黄金救援期内救回女儿。,2026
哈尔的移动城堡,2004-04-24 (CN),"奇幻,动画,冒险",1h 59m,84,日语,宫崎骏,"倍赏千惠子,木村拓哉,美轮明宏,我修院达也,神木隆之介,伊崎充则,大泉洋,大冢明夫,原田大二郎,查看更多",18岁少女苏菲在街上遇到神秘青年霍尔，霍尔忽然抱起苏菲一同飞上天空，苏菲的心从此深深地被霍尔吸引。然而那天晚上，苏菲被名叫荒地魔女的女巫施了魔法，外表变成了90岁的老婆婆。心灰意冷的苏菲只好整理行李，远离人群，前往霍尔在荒郊野外的城堡……,2004
七宗罪,1995-09-22 (CN),"犯罪,悬疑,惊悚",2h 7m,84,英语,大卫·芬奇,"摩根·弗里曼,布拉德·皮特,格温妮斯·帕特洛,约翰·卡西尼,彼得·克朗比,雷格·E·凯蒂,罗纳德·李·埃尔梅,丹尼尔·萨卡帕,安德鲁·凯文·沃克,查看更多",“暴食”、“贪婪”、“懒惰”、“嫉妒”、“骄傲”、“淫欲”、“愤怒”，这是天主教教义所指的人性七宗罪。城市中发生的连坏杀人案，死者恰好都是犯有这些教义的人。凶手故弄玄虚的作案手法，令资深冷静的警员沙摩塞（摩根•弗里曼 Morgan Freeman 饰）和血气方刚的新扎警员米尔斯（布拉德•皮特 Brad Pitt 饰）都陷入了破案的谜团中。他们去图书馆研读但丁的《神曲》，企图从人间地狱的描绘中找到线索，最后从宗教文学哲学的世界中找到了凶手作案计划和手段的蛛丝马迹。凶手前来投案自首，这令众人都松了一口气，以为案件就此结束，怎料还是逃不出七宗罪的杀人逻辑，这次凶手瞄准的目标，是那个犯了“愤怒”罪的人……,1995
加百列的地狱,2020-05-29 (US),,2h 2m,84,英语,托斯卡·马斯克,"Melanie Zanetti,吉欧里奥·贝鲁蒂,库尔特·麦金尼,Agnes Albright,Margaux Brooke,Ned Van Zandt,Vanessa Kai,Zach Holden",一个迷人的探索诱惑，禁止的爱，和救赎，一个迷人和激情的故事，一个人从他自己的地狱，因为他试图赢得不可能的宽恕和爱。,2020
天国与地狱,1963-03-01 (JP),"剧情,犯罪,惊悚,悬疑",2h 22m,84,日语,黑泽明,"三船敏郎,仲代达矢,香川京子,三桥达也,木村功,石山健二郎,加藤武,志村乔,田崎润,查看更多",在黑泽明这部极具影响力的家庭伦理剧与刑侦叙事杰作中，三船敏郎饰演的富商权藤金吾令人过目难忘——其家人沦为冷血绑匪的勒索目标。改编自艾德·麦可班恩侦探小说《国王的赎金》的本片，游刃有余地从分秒必争的惊悚剧过渡为精准的社会剖析，铸就了一部关于阶级矛盾与当代日本社会的犀利影像论著。[标准收藏公司],1963
爆裂鼓手,2024-12-06 (CN),"剧情,音乐,惊悚",1h 47m,84,英语,达米恩·查泽雷,"迈尔斯·特勒,J·K·西蒙斯,保罗·雷瑟,梅莉莎·班诺伊,奥斯汀·斯托维尔,内特·朗,克里斯·穆基,达蒙·古普顿,苏安妮·斯波克,查看更多",年轻的爵士鼓手安德鲁·奈曼就读于全国顶尖的音乐学院，师从令人畏惧的爵士乐导师特伦斯·弗莱彻，在成为顶尖爵士鼓手的道路上奋力挣扎。,2024
盗梦空间,2010-09-01 (CN),"动作,科幻,冒险",2h 28m,84,英语,克里斯托弗·诺兰,"莱昂纳多·迪卡普里奥,约瑟夫·高登-莱维特,渡边谦,汤姆·哈迪,艾利奥特·佩吉,迪利普·劳,基利安·墨菲,汤姆·贝伦杰,玛丽昂·歌迪亚,查看更多",道姆·柯布与同事阿瑟和纳什在一次针对日本能源大亨齐藤（渡边谦 饰）的盗梦行动中失败，反被齐藤利用。齐藤威逼利诱因遭通缉而流亡海外的柯布帮他拆分他竞争对手的公司，采取极端措施在其唯一继承人罗伯特·费希尔的深层潜意识中种下放弃家族公司、自立门户的想法。为了重返美国，柯布偷偷求助于岳父迈尔斯，吸收了年轻的梦境设计师艾里阿德妮、梦境演员艾姆斯和药剂师约瑟夫加入行动。在一层层递进的梦境中，柯布不仅要对付费希尔潜意识的本能反抗，还必须直面已逝妻子梅尔的处处破坏，实际情况远比预想危险得多……,2010
钢琴家,2003-01-24 (GB),"剧情,战争",2h 30m,84,英语,罗曼·波兰斯基,"阿德里安·布罗迪,托马斯·克莱舒曼,弗兰克·芬莱,穆琳·利普曼,艾米莉娅·福克斯,埃德·斯托帕德,朱莉娅·雷纳,杰西卡·凯特·迈耶,米哈乌·热布罗夫斯基,查看更多",第二次世界大战爆发前夕，波兰犹太裔钢琴家瓦迪斯瓦夫·什皮尔曼仍在华沙电台演奏钢琴。随着德军占领波兰，针对犹太人的迫害不断升级，他和家人被迫迁入华沙犹太区，原本平静的生活也彻底崩塌。在饥饿、暴力与死亡的阴影下，什皮尔曼与家人艰难求生，却又在战争中被迫分离。侥幸逃过驱逐后，他只能依靠朋友的帮助辗转藏身，并在逐渐沦为废墟的华沙中独自躲避搜捕。曾经陪伴他的音乐几乎从生活中消失，而活下去成为他唯一能够坚持的事情……,2003
美国往事,2015-04-23 (CN),"剧情,犯罪",2h 19m,84,英语,赛尔乔·莱昂内,"罗伯特·德尼罗,詹姆斯·伍兹,伊丽莎白·麦戈文,乔·佩西,波特·杨,塔斯黛·韦尔德,特里特·威廉斯,丹尼尔·艾洛,理查德·布莱特,查看更多",二十年代的美国，纽约少年“面条”和几个同龄朋友一起认识了聪明狡黠的“麦克斯”，他们开始从事走私活动。不久，面条在一场械斗中杀伤人命，被关进监牢。若干年后，“面条”出狱，当时的小伙伴们已经变成了健壮的青年人，在“麦克斯”的带领下，他们开始了一系列抢劫、盗窃、敲诈活动。随着犯罪活动的不断深入， “麦克斯”似乎被胜利冲昏了头脑，竟然把美国联邦储备银行也列入了行动目标。“面条”不忍眼看好友走向毁灭，偷偷打电话报警，想逼迫“麦克斯”收手。警察与 “面条”的朋友展开激烈枪战，“麦克斯”等人全部被杀。“面条”带着深深的悔恨和痛苦，离开纽约，回到年少时生长的地方。三十五年过去了，几近垂暮的“面条”重新回到纽约的伤心地，他遇见了少时的朋友和旧情人，而当年“麦克斯”他们的死，背后竟然包含着出乎意料的阴谋。,2015
蜘蛛侠：纵横宇宙,2023-06-02 (CN),"动画,动作,冒险,科幻",2h 20m,84,英语,"肯普·鲍尔斯,贾斯汀·K·汤普森,乔伊姆·多斯·桑托斯","沙梅克·摩尔,海莉·斯坦菲尔德,布莱恩·泰里·亨利,劳伦·贝莱斯,杰克·约翰逊,奥斯卡·伊萨克,杰森·薛兹曼,伊萨·雷,丹尼尔·卡卢亚,查看更多",成为蜘蛛侠后的迈尔斯·莫拉莱斯一边守护自己的城市，一边努力在英雄身份与家庭生活之间寻找平衡，却始终怀念曾与自己并肩作战的格温和其他伙伴。一次意外重逢后，迈尔斯跟随蜘蛛格温穿越平行宇宙，第一次来到由来自不同世界的蜘蛛侠组成的“蜘蛛联盟”。然而，随着新的威胁不断穿梭于各个宇宙，迈尔斯也发现蜘蛛联盟对于维持多元宇宙秩序有着一套不容挑战的规则。当他的选择与蜘蛛侠2099米格尔·奥哈拉产生冲突时，迈尔斯不得不在众多蜘蛛侠的阻拦下，坚持自己对于“成为蜘蛛侠”究竟意味着什么的答案……,2023
别假正经,2024-06-16 (CN),"纪录,音乐",1h 28m,83,英语,乔纳森·戴米,"大卫·伯恩,Chris Frantz,Jerry Harrison,Tina Weymouth,Ednah Holt,Lynn Mabry,Steven Scales,Alex Weir,Bernie Worrell,查看更多",一部关于摇滚乐队传声头的演唱会纪实电影。,2024
沉默的羔羊,2018-04-16 (CN),"犯罪,惊悚,剧情",1h 59m,83,英语,乔纳森·戴米,"朱迪·福斯特,安东尼·霍普金斯,斯科特·格伦,泰德·拉文,安东尼·希尔德,布鲁克·史密斯,黛安·贝克,卡斯·莱蒙斯,弗兰基·费森,查看更多","在这部改编自托马斯·哈里斯畅销小说的惊世之作中，技艺超凡的导演乔纳森·戴米以令人毛骨悚然的笔触，勾勒出缠绕美国社会的梦魇——连环谋杀。朱迪·福斯特颠覆性地诠释了联邦调查局见习探员克拉丽丝·史达琳的形象，为洞悉另一名连环杀手的心智，她不得不求助于恶名昭彰的""食人魔""汉尼拔·莱克特，此番表演亦成为其演艺生涯中最令人难忘的篇章。与她交锋的安东尼·霍普金斯，则塑造出堪称典范的暗黑英雄形象——优雅博学、机锋凌厉却暗藏杀戮本能，令人战栗地呈现了人性彻底堕落的剖面。这部兼具扣人心弦的刑侦叙事与扭曲心理深度探索的杰作，当年横扫奥斯卡最佳影片、导演、改编剧本、男女主角五项大奖，至今仍是影史文化里程碑。[标准收藏]",2018
加百列的地狱：第二部,2020-07-31 (US),"爱情,剧情",1h 46m,83,英语,托斯卡·马斯克,"Melanie Zanetti,吉欧里奥·贝鲁蒂,James Andrew Fraser,Margaux Brooke,Agnes Albright,Purva Bedi,Sahar Bibiyan,Cedric Cannon,Ned Van Zandt,查看更多",加布里埃尔·爱默生教授终于发现了朱莉娅·米切尔身份的真相，但他的意识到为时已晚。茱莉亚最终希望这位受人尊敬的但丁专家会记住她，并且不想再与他有任何关系。加布里埃尔能在别人的怀抱中找到爱之前赢回她的心吗？,2020
防弹少年团：燃烧舞台电影版,2018-11-15 (KR),"音乐,纪录",1h 25m,83,朝鲜语,Park Jun-soo,"RM,Jin,SUGA,j-hope,Jimin,金泰亨,田柾国","防弹少年团的故事将被拍成电影,11月CGV上映!据体育东亚独家报道,讲述防弹少年团成长故事的纪录片形式电影",2018
鱿鱼游戏： 第二季 制作特辑,2025-01-03 (KR),纪录,28m,83,朝鲜语,,"黄东赫,李政宰,李炳宪,蔡京善,Kim Ji-yong,孔刘,魏嘏隽,任时完,李阵郁,查看更多",三年前，鱿鱼游戏由456号选手（李政宰 饰）胜出，他本想远走高飞，却在搭机赴美前临阵反悔，决心展开新计划。成奇勋再度投身这场神秘的生存游戏，又一次赌上性命，与一群新的参赛者一起争夺高达456亿韩元的奖金。,2025
激进教学,2023-10-19 (MX),剧情,2h 2m,83,西班牙语,Christopher Zalla,"欧亨尼奥·德伯兹,Daniel Haddad,Jennifer Trejo,Mia Fernanda Solis,Danilo Guardiola Escobar,Gilberto Barraza,Víctor Estrada,Manuel Márquez,Christian Gonzalez,查看更多",在一个充满忽视、腐败和暴力的墨西哥边境小镇，一名老师决定尝试一种激进的新方法来释放学生的潜力与好奇心，甚至发掘出他们的天才之处。,2023
后窗,2019-04-13 (CN),"惊悚,悬疑,剧情",1h 53m,83,英语,阿尔弗雷德·希区柯克,"詹姆斯·斯图尔特,格蕾丝·凯利,温德尔·科里,塞尔玛·里特,雷蒙德·伯尔,朱迪思·伊芙琳,罗斯·巴格达萨里安,乔治娜·达西,萨拉·伯纳,查看更多",一位足不出户的摄影师透过公寓窗户窥见邻居们的隐秘生活，当他断定其中一人犯下谋杀罪行时，一场扣人心弦的观察与博弈就此展开。詹姆斯·斯图尔特与格蕾丝·凯利联袂出演这场由阿尔弗雷德·希区柯克执导的、在有限空间内层层铺陈悬念的影史经典。,2019
加百列的地狱：第三部,2020-11-19 (US),,2h 2m,83,英语,托斯卡·马斯克,"Melanie Zanetti,吉欧里奥·贝鲁蒂,Rhett Wellington Ramirez,James Andrew Fraser,Margaux Brooke,Pat Asanti,Julia Barrett-Mitchell,库尔特·麦金尼",一个黑暗的人带着恶意从茱莉亚的过去回来了。加布里埃尔有他需要分享的秘密，但担心如果他这样做，他会失去一切。他们的关系会经受住秘密揭露的考验吗？他们对但丁和弗洛伦斯的共同热爱会是他们所希望的一切吗？,2020
回到未来,1985-07-03 (US),"冒险,喜剧,科幻",1h 56m,83,英语,罗伯特·泽米吉斯,"迈克尔·J·福克斯,克里斯托弗·劳埃德,克里斯平·格洛弗,莉·汤普森,克劳迪娅·韦尔斯,托马斯·F·威尔森,马克·麦克卢尔,温迪·乔·斯佩博,乔治·迪森佐,查看更多",马蒂·麦克弗莱，一位典型的八十年代美国青少年，意外被一台由钚动力驱动的德罗宁“时间机器”送回到1955年——这台机器由一位略带疯狂的科学家发明。在这段时常癫狂、总是惊人的穿越之旅中，马蒂必须确保他那正值青春期的未来父母相遇并坠入爱河，他才能顺利返回未来。[官方简介],1985
美国X档案,1998-10-30 (US),剧情,1h 59m,83,英语,托尼·凯耶,"爱德华·诺顿,爱德华·弗朗,贝弗利·德安杰洛,詹妮弗·林,伊桑·苏普利,费尔鲁扎·鲍克,艾弗里·布鲁克斯,埃利奥特·古尔德,斯泰西·基齐,查看更多",德瑞克 的父亲在他很小的时候就被一名黑人毒贩射杀，从此给他幼小的心灵埋下了仇恨的种子。原来德瑞克功课很好，是老师眼中的好学生。但自从父亲遇难后，他就将一切心机都放在了对付有色人种上面。他积极组织起一帮白人青年混混，到处和有色人种对着干。一次，他射杀了两名黑人，因此入狱。入狱后，德瑞克加入了一伙新纳粹的白人。后来，因工作关系他和一名黑人成了好友，他开始反思自己的过去。当他意欲脱离狱中新纳粹组织时，遭到了拳打脚踢。德瑞克出狱后，决心和以前自己组织的帮会脱离关系，带着弟弟远走他乡开始新的生活。,1998
幽灵公主,2025-05-01 (CN),"冒险,奇幻,动画",2h 14m,83,日语,宫崎骏,"松田洋治,石田百合子,田中裕子,小林薰,西村雅彦,上条恒彦,美轮明宏,森光子,森繁久弥,查看更多",室町时代，生活在偏远村落的少年阿席达卡为了保护族人，与一头被邪魔侵蚀的山猪神交战，却因此受到可怕的诅咒。为了寻找诅咒的来源和活下去的方法，他离开故乡前往西方。在旅途中，阿席达卡来到一片古老森林附近，发现以黑帽大人为首的人类为了炼铁不断开采资源，与守护森林的神祇陷入日益激烈的冲突。他也由此遇见了由山犬养大、憎恨人类破坏森林的少女小桑。面对为了生存开拓土地的人类与誓死守护家园的森林生灵，阿席达卡逐渐被卷入双方无法调和的争斗，并试图寻找一条不必以毁灭彼此为代价的道路……,2025
玩具总动员5,2026-06-19 (CN),"动画,家庭,喜剧,冒险",1h 42m,83,英语,安德鲁·斯坦顿,"琼·库萨克,汤姆·汉克斯,蒂姆·艾伦,柯南·奥布莱恩,Scarlett Spears,格蕾塔·李,Shelby Rabara,Mykal-Michelle Harris,克雷格·罗宾逊,查看更多",胡迪、巴斯光年、翠斯等“元老级”玩具将跟随小主人邦妮的成长脚步，共同迎接数字时代下的全新挑战。随着无所不能的科技产品逐渐走进童年世界，一批充满科技感的崭新角色也随之重磅亮相：青蛙造型的智能平板小荷、憨态可掬的导航玩具小不丢、活力十足的抓拍好手小拍侠，以及自带笑点的臭屁小机灵。当身边的同龄朋友们开始沉浸在科技玩具带来的“电子陪伴”中，而玩具伙伴们也迎来了前所未有的生存难题：在屏幕占据注意力的时代，玩具的时代真的结束了吗？在“被取代”危机的当下，这群玩具伙伴还能否携手，帮助邦妮找回属于自己的真实友谊与快乐？,2026
同级生,2016-02-20 (JP),"爱情,动画",1h 1m,83,日语,中村章子,"野岛健儿,神谷浩史,石川英郎,Yurino",夏天时节，东府第一高校要举行合唱祭。在课后合唱训练中，高中二年级A班草壁光（神谷浩史 配音）发现同班的尖子生佐条利人（野岛健儿 配音）并没有开口唱歌。草壁原以为这样的优等生不屑于合唱活动，却在当天放学后发现佐条独自留在教室练习。鬼使神差地，擅长音律的草壁主动提出要帮助佐条练习唱歌。经过多日的相处，草壁渐渐被认真的佐条吸引，却一直苦恼于对方是为了他人才如此努力学习唱歌。到了合唱祭这一天，草壁忽然控制不住情绪，在正式演出中途跑了出去，佐条见状紧张地追上。在空荡荡的校园里，二人终于向对方确定了心意。夏天要结束了，而他们青春的诗篇才刚刚开始。,2016
真爱留声,2026-06-20 (US),"爱情,喜剧,剧情",1h 59m,83,英语,Leah McKendrick,"佐伊·达奇,尼克·罗宾森,岑勇康,Leah McKendrick,席亚拉·博拉沃,Toby Sandeman,尼克·奥弗曼,卢卡斯·盖奇,Megan Danso,查看更多",年轻女子给已故姐姐发送的搞笑自白语音留言无意中被转给了陌生人，而这个陌生人竟隔着遥远的距离爱上了她。,2026
荒野机器人,2024-09-20 (CN),"家庭,动画,科幻,冒险",1h 42m,83,英语,克里斯·桑德斯,"露皮塔·尼永奥,佩德罗·帕斯卡,基特·康纳,比尔·奈伊,许玮伦,马修·贝瑞,文·瑞姆斯,马克·哈米尔,凯瑟琳·欧哈拉,查看更多",梦工厂动画全新改编文学畅销作品——彼得·布朗荣获大奖、备受喜爱的《纽约时报》榜首畅销书《荒野机器人》。这段史诗冒险讲述机器人“ROZZUM单元7134”（简称“罗兹”）的旅程：她因船只失事流落荒岛，必须学会适应严酷环境，逐渐与岛上动物建立联系，并成为一只孤儿小鹅的养母。[梦工厂影业],2024
生之欲,1952-10-09 (JP),剧情,2h 23m,83,日语,黑泽明,"志村乔,田中春男,金子信雄,左卜全,小田切美喜,日守新一,千秋实,山田巳之助,藤原釜足,查看更多",黑泽明导演生涯的至高成就之一，本片以极致的悲悯凝视死亡，完成对生命的礼赞。志村乔动人诠释胃癌晚期的老公务员渡边勘治，在生命终点踏上追寻意义的旅程。影片以突破性的双段式结构展开，镜头语言浸润着洞察人性本真的人文主义光辉，从多重维度叩问生存的真谛。,1952
捕风追影,2025-08-16 (CN),"动作,犯罪,剧情,惊悚",2h 21m,83,-,杨子,"成龙,张子枫,梁家辉,此沙,文俊辉,周政杰,王杍逸,郎月婷,林秋楠,查看更多",一伙天才盗匪劫走数亿资产，却凭借超强反侦察能力全身而退，戏耍警方“天眼”系统。一筹莫展之际，澳门司警局请回了隐退多年的跟踪专家黄德忠，他培养年轻司警何秋果等人，重组“神秘跟踪队”，最终锁定了盗匪团的幕后狼王傅隆生。当警方布下天罗地网之时，盗匪团也设下局中局，斗智斗勇斗心眼，一场高端猫鼠局拉开帷幕……,2025
未麻的部屋,2024-04-18 (CN),"动画,惊悚",1h 21m,83,日语,今敏,"岩男润子,松本梨香,新山志保,大仓正章,辻亲八,古川惠实子,秋元羊介,盐屋翼,堀秀行,查看更多",当红三人少女偶像团体Charming Bird面临解散，核心成员雾越未麻在事务所的安排下不得不退出团体，转型成为一名电视剧演员。万事开头难，对于偶像歌手转型而来的未麻尤其如此，她在工作中承受着压力，闷闷不乐。与此同时，各种恐吓信不断、经纪人田所先生遇袭以及以自己的口吻在网站上写日记的神秘人都让未麻焦虑不已，恍惚间她甚至看到另一个自己。未麻的苦恼无人知晓，贪婪的田所甚至同意剧组的剧本，要求未麻出演一场尺度极大的强暴戏。这次演出成为未麻演艺事业的转折点，她的出镜率开始攀升，甚至还拍摄了裸露的写真。与此相对，电视剧编剧涩谷和曾给未麻拍下裸照摄影师村野接连遇害。未麻的生活变得混乱不堪，真相究竟如何？本片荣获1997年亚洲奇幻电影节最佳亚洲影片。,2024
音魂掠影,2022-02-17 (IT),"纪录,音乐,历史",2h 36m,83,意大利语,朱塞佩·托纳多雷,"埃尼奥·莫里康内,西尔瓦诺·阿戈斯蒂,亚历山德罗·亚历山德罗尼,Fausto Ancillai,达里欧·阿基多,琼·贝兹,Sergio Bassetti,Bruno Battisti D'Amario,马可·贝罗奇奥,查看更多",由著名导演#朱塞佩·托纳多雷#编剧并执导，吉亚尼·罗素、王家卫等人任监制，聚焦意大利音乐大师埃尼奥·莫里康内的传记电影#50年一瞬间的魔幻时刻#正在进行后期制作，计划2020年公映。,2022
死亡诗社,2026-04-17 (CN),剧情,2h 8m,83,英语,彼得·威尔,"罗宾·威廉姆斯,罗伯特·肖恩·莱纳德,伊桑·霍克,乔西·查尔斯,盖尔·汉森,迪伦·库斯曼,阿莱隆·鲁杰罗,詹姆斯·沃特斯顿,诺曼·劳埃德,查看更多",威尔顿预备学院以其沉稳凝重的教学风格和较高的升学率闻名，作为其毕业班的学生，理想就是升入名校。新学期文学老师约翰·基汀（罗宾·威廉姆斯 饰）的到来如同一阵春风，一反传统名校的严肃刻板...,2026
带来灵魂：防弹少年团演唱会电影,2019-08-07 (KR),"音乐,纪录",1h 43m,83,朝鲜语,Park Jun-soo,"RM,Jin,SUGA,j-hope,Jimin,金泰亨,田柾国",据媒体报道防弹少年团 第三部演唱会电影《Bring the Soul：The Movie》确定将于8月7日全球同步上映并公开了海报。据悉，该电影记录了防弹少年团从首尔开始经过众多的城市，结束漫长的欧洲巡演后在围坐在巴黎一个小小的屋顶举行属于他们自己的庆祝宴的模样。另外，《Bring the Soul：The Movie》将展现防弹少年团7名成员各样的魅力，他们率真坦诚的面貌将带给观众心动和感动，该片将于8月7日上映。,2019
紫罗兰永恒花园 剧场版,2021-12-25 (CN),"动画,剧情,奇幻,爱情",2h 20m,83,日语,石立太一,"石川由依,浪川大辅,子安武人,木内秀信,户松遥,内山昂辉,远藤绫,茅原实里,水桥香织,查看更多",——「爱」究竟是什么？  曾经将「爱」告诉自己、 给予自己的，重要的人。  即使想见，却再也见不到。 永远。 放开了手的、最最重要的那个人。  从事代笔业的她，名字是「薇尔莉特·伊芙加登」。自幼身为士兵参战，没能获得培育心灵机会的她，无法理解自己重要的上司「吉尔伯特·布干维利亚」所留下的话语。——我从心底，爱着你。  让人们背负深深伤痕的战争结束之后，经过数年。生活随着新技术的开发而改变，人们开始面向前方前进。但，薇尔莉特坚信着吉尔伯特还在某处活着，每一天只是思念着他。——亲爱的吉尔伯特少校。今天我又再一次回忆起了少校的事情。薇尔莉特强烈的愿望，溶解在静谧的夜当中。  在吉尔伯特母亲的月忌日，薇尔莉特像是要代替他一般地献上鲜花。某天，她与吉尔伯特的哥哥·迪特福利特海军上校不期而遇。迪特福利特告诉她是时候该忘记吉尔伯特了，但薇尔莉特立刻做出了答复。「我无法忘记」。  就在此时，薇尔莉特接到了一通委托电话。委托人是名叫尤里斯的少年。另一方面，在邮政公司的仓库里，发现了一封收信人不明的信……。,2021
五等分的新娘 剧场版,2022-05-20 (JP),"动画,喜剧,爱情",2h 16m,83,日语,神保昌登,"松冈祯丞,花泽香菜,竹达彩奈,伊藤美来,佐仓绫音,水濑祈,京花优希,黑田崇矢,高森奈津美,查看更多",为了让「濒临留级」又「讨厌学习」的美少女五姐妹通过学校考试毕业，主角风太郎以兼职家庭教师的身份来到中野家指导她们的课业，也因此渐渐与五胞胎们培养出感情。怀抱着各种想法的各人也迎来高中生活最后的活动「学园祭」。「学园祭第一天15时请到教室来。」聚集在教室里的五胞胎们，风太郎想告诉她们的是……,2022
这个杀手不太冷,2024-11-01 (CN),"犯罪,剧情,动作",2h 13m,83,法语,吕克·贝松,"让·雷诺,娜塔莉·波特曼,加里·奥德曼,丹尼尔·艾洛,彼得·阿佩尔,迈克尔·巴达卢科,艾伦·格林,弗兰克·赛格,伊丽莎白·雷恩,查看更多",里昂是名孤独的职业杀手，受人雇佣。一天，邻居家小姑娘马蒂尔达敲开他的房门，要求在他那里暂避杀身之祸。原来邻居家的主人是警方缉毒组的眼线，只因贪污了一小包毒品而遭恶警杀害全家的惩罚。马蒂尔达得到里昂的留救，幸免于难，并留在里昂那里。里昂教小女孩使枪，她教里昂法文，两人关系日趋亲密，相处融洽。女孩想着去报仇，反倒被抓，里昂及时赶到，将女孩救回。混杂着哀怨情仇的正邪之战渐次升级，更大的冲突在所难免……,2024
献给我的前妻,2019-11-08 (EC),,1h 34m,83,西班牙语,Jorge Ulloa,"Raúl Santana,Nataly Valencia,Carlos Alcántara,Biassini Segura,玛丽安娜·特雷维尼,欧亨尼奥·德伯兹,Orlando Herrera,Alfredo Espinosa,Gabriel Montiel,查看更多",这部电影讲述了21岁的阿里尔的故事：为筹钱挽回濒临破裂的恋情、与前女友重逢，他决定组建一支摇滚乐队，参加奖金高达一万美元的乐队大赛，这已是他最后的办法——此前，女友因要前往芬兰实习，两人的感情走到了尽头。阿里尔和好友奥尔特加一起举办海选招募乐队其他成员，尽管两人对音乐一窍不通，最终还是组建起一支成员性格迥异、喜好截然不同的乐队。,2019
大独裁者,2021-09-19 (CN),"喜剧,战争",2h 5m,83,英语,查理·卓别林,"查理·卓别林,波莱特·戈达德,杰克·奥基,雷金纳德·加德纳,亨利·丹尼尔,比利·吉尔伯特,格蕾丝·海尔,卡特·德黑文,莫里斯·莫斯科维奇,查看更多",在其备受争议的杰作中，查理·卓别林既尖刻地讽刺了阿道夫·希特勒，又巧妙地颠覆了自身的喜剧形象。在其首部纯有声片中，卓别林以精湛的肢体表现力分饰两角：残酷而滑稽的“托曼尼亚”独裁者，以及被错认成他的善良犹太理发师。凭借杰克·奥克与宝莲·高黛的精彩配角演绎，这部在美国正式加入二战前便大胆直指法西斯领导人的作品，将政治讽喻与肢体喜剧熔铸成登峰造极的艺术表达，最终在卓别林那段传世的激扬演说中达到高潮。,2021
我们如此相爱,1974-12-21 (IT),"剧情,喜剧",2h 4m,83,意大利语,埃托雷·斯科拉,"Nino Manfredi,维托里奥·加斯曼,斯特法尼娅·桑德雷莉,Stefano Satta Flores,Giovanna Ralli,Aldo Fabrizi,Marcella Michelangeli,Elena Fabrizi,Fiammetta Baralla,查看更多",安东尼奥（尼诺·曼弗莱迪 Nino Manfredi 饰）、贾尼（维托里奥·加斯曼 Vittorio Gassman 饰）和尼古拉（Stefano Satta Flores 饰）是战争时代的生死之交。战争结束后，他们回归了家乡，开始了各自迥异的生活。安东尼奥结识了美丽女孩露西安娜（斯蒂芬尼娅·桑德雷莉 Stefania Sandrelli 饰），坠入了情网，可露西安娜喜欢的却偏偏是贾尼。可最终，贾尼选择同侯爵女儿结婚，露西安娜陷入了痛苦之中，此时，安东尼奥再度出现在了露西安娜的身边，陪伴守护着她。露西安娜一直希望能够成为一名演员，为了实现理想，她甚至不惜向负责挑选演员的负责人献出了肉体。几经波折，安东尼奥和露西安娜总算坦诚相对，互诉衷肠，一对璧人终于走到了一起。,1974
夜与雾,1956-05-22 (FR),,32m,83,法语,阿伦·雷乃,"Michel Bouquet,Reinhard Heydrich,Heinrich Himmler,阿道夫·希特勒,Julius Streicher",1956年导演阿伦•雷乃用摄影机带领观众重回奥斯维辛。当年纳粹集中营的旧址上已是一片祥和美丽的野外风光。然而时间倒回到1933年纳粹党掌权之时，整个城市被阴霾笼罩——大片修建起来的集中营房排列整齐，大量犹太人被抓进集中营开始接受非人的折磨和侮辱。这里对人种进行分级，在皮肤上纹上编号，在衣服上缝制等级的徽章。疾病，饥饿，劳役使集中营尸体遍地。1942年希莱姆到访，奉行“破坏”政策，集中营难民进入更加悲惨的境遇，被药品公司买下用作实验。1945年，集中营人数倍增后已不堪负荷，成堆的尸体被推土机推入大坑掩埋......,1956
从天而降,2019-12-24 (MX),,1h 52m,83,西班牙语,Pepe Bojórquez,"奥马尔·查帕罗,安娜·克劳迪娅·塔兰孔,Stephanie Cayo,Lupita Sandoval,Yare Santana,安赫丽卡·玛丽娅,Manuel 'Flaco' Ibáñez,Alejandro Gasque,Juan Alberto Villareal,查看更多",墨西哥传奇人物佩德罗·因凡特（Pedro Infante）在地球上又获得了一次机会，可以为自己与女性的交往赎罪，并在一个模仿者的身体里赢得天堂.,2019
摩登时代,1936-09-17 (CN),"喜剧,剧情,爱情",1h 27m,83,英语,查理·卓别林,"查理·卓别林,波莱特·戈达德,亨利·伯格曼,蒂尼·桑福德,切斯特·康克林,汉克·曼恩,斯坦利·布莱斯通,阿尔·欧内斯特·加西亚,理查德·亚历山大,查看更多",二十年代的美国处于经济萧条时期，失业率居高不下，工人受尽压榨，成为了大机器生产中的一颗螺丝钉。查理就是一个底层市民，他在一个机器隆隆的厂房里日以继夜地工作，以赚取微薄的收入。重复繁重的工作压得他喘不过气，他把人们的鼻子当成螺丝钉来拧，卷入流水线机器的皮带里，令人苦笑不得。,1936
生活多美好,1946-12-20 (US),"剧情,家庭,奇幻",2h 11m,83,英语,弗兰克·卡普拉,"詹姆斯·斯图尔特,唐娜·里德,莱昂内尔·巴里摩尔,托马斯·米切尔,亨利·特拉弗斯,比尤拉·邦蒂,弗兰克·费伦,埃德温·邦德,格洛丽亚·格雷厄姆,查看更多",一位天使被派往人间，帮助一位万念俱灰的商人，向他展现假如他从未存在过，生活将会是怎样的光景。,1946
边境奇袭,2025-02-28 (MX),"动作,冒险,惊悚",1h 25m,83,西班牙语,Chava Cartas,"路易斯·阿伯提,诺伊·埃尔南德斯,Leonardo Alonso,Luis Curiel,Guillermo Nava,David Calderón León,Mayra Batalla,依斯菲尔 加那利,Ishbel Bautista,查看更多",一场人质营救行动带来了新的敌人，格雷罗上尉和他的精英士兵们必须应对残忍犯罪团伙的埋伏。,2025
日落大道,2026-04-16 (CN),剧情,1h 50m,83,英语,比利·怀尔德,"威廉·霍尔顿,格洛丽亚·斯旺森,埃里克·冯·施特罗海姆,南希·奥尔森,弗雷德·克拉克,劳埃德·高夫,杰克·韦伯,富兰克林·法纳姆,拉里·J·布莱克,查看更多",好莱坞的声名终会消散——只需问问诺玛·戴斯蒙德。她曾是影坛传奇，如今已成被人遗忘的旧时代残影。当穷困潦倒的编剧乔·吉利斯误入她那衰败的宅邸，便陷入了她偏执与妄想的罗网。起初看似机遇的邂逅，很快演变为一场危机四伏的困局。这部作品被广泛认为是好莱坞黄金时代最伟大的影片之一，它以阴郁、扭曲又萦绕人心的视角，凝视着好莱坞的轮回——那里青春是流通货币，才华转瞬即逝，而聚光灯终会黯淡。[派拉蒙影业],2026
妥瑞氏与我,2025-09-22 (GB),"剧情,历史",2h 1m,83,英语,柯克·琼斯,"罗伯特·阿拉马约,玛克辛·皮克,彼得·穆兰,雪莉·亨德森,Scott Ellis Watson,David Carlyle,Francesco Piacentini-Smith,Somerled Campbell,Michael Dylan,查看更多",本片根据社会活动家约翰·戴维森的真实人生经历改编。讲述他从20世纪80年代英国一名被误解的少年，成长为致力于推动人们理解与接纳妥瑞氏综合症的倡导者的故事。约翰在十五岁时被确诊，在逆境中艰难度过动荡的青春期，一步步走向成年。在他人善意的鼓舞下，他找到了人生真正的意义与方向。,2025
触不可及,2011-11-02 (FR),"剧情,喜剧",1h 52m,83,法语,"埃里克·托莱达诺,奥利维埃·纳卡什","弗朗索瓦·克鲁塞,奥玛·希,安娜·勒尼,奥黛丽·弗洛罗,Joséphine de Meaux,克洛蒂尔德·莫莱特,阿尔巴·盖亚·贝鲁吉,西里尔·门迪,Salimata Kamate,查看更多",富有的菲利普因一场滑翔伞事故导致高位瘫痪，需要招聘一名全职陪护。前来应聘的人络绎不绝，却始终无法让他满意。直到刚刚出狱的德希斯出现，他本无意得到这份工作，只想拿到一张求职被拒的证明，却意外被菲利普选中，开始了一个月的试用期。一个生活优渥、行动不便，一个出身底层、自由不羁，两人的生活方式和价值观截然不同。在日复一日的相处中，德希斯用毫无顾忌的方式打破了菲利普沉闷的生活，而菲利普也让德希斯接触到一个从未了解过的世界。两个原本毫无交集的人，逐渐建立起一段超越身份与阶层的友谊……,2011
西部往事,2018-04-16 (CN),"剧情,西部",2h 46m,83,意大利语,赛尔乔·莱昂内,"克劳迪娅·卡汀娜,亨利·方达,杰森·罗巴兹,查尔斯·布朗森,加布里埃尔·费泽蒂,Paolo Stoppa,伍迪·斯特罗德,杰克·伊莱姆,基南·怀恩,查看更多",塞尔吉奥·莱昂内的这部不朽史诗，其恢弘堪比取景地纪念碑谷，其气度媲美星光熠熠的杰出演员阵容，其粗粝不羁正如每个孩子想象中的狂野西部。影片围绕一名神秘的口琴客、一位寻找杀父仇人的寡妇、一个亡命之徒以及一名铁路大亨之间错综复杂的关系展开，以恩尼奥·莫里康内传奇般的配乐为灵魂，塑造了影史中最令人难忘的西部片开场与结局。这是一首对正在消逝的旧西部的挽歌，也是一部永远重塑了该类型的杰作。,2018
惩罚者：最后一击,2026-05-12 (US),"动作,剧情,犯罪",51m,83,英语,雷纳尔多·马库斯·格林,"乔·博恩瑟,黛博拉·安·沃尔,Jason R. Moore,朱迪丝·莱特,Kelli Barrett,安德烈·洛优,约翰·道格拉斯·汤普森,Colton Hill,Nick Koumalatsos,查看更多",失去家人多年后，弗兰克·卡塞尔依然被过去的创伤与幻象困扰，试图远离曾经作为“惩罚者”的暴力人生。然而，犯罪家族首领努奇为了替死去的亲人复仇，对弗兰克发出悬赏，引来大批罪犯追杀。随着暴力逐渐波及身边的无辜者，原本想要逃离过去的弗兰克不得不再次作出选择。在复仇与守护之间，他开始重新审视自己作为“惩罚者”的意义……,2026
现代启示录,1979-05-19 (CN),"剧情,战争",3h 22m,83,英语,弗朗西斯·科波拉,"马丁·辛,马龙·白兰度,弗雷德里克·福雷斯特,阿尔伯特·海尔,劳伦斯·菲什伯恩,山姆·伯顿斯,罗伯特·杜瓦尔,格瓦斯·杜安·斯普拉德林,哈里森·福特,查看更多",越战期间，威拉德上尉受命执行一项危险任务，深入柬埔寨刺杀一位脱离建制的叛变上校——此人已在当地部落自封神明。,1979
新世纪福音战士剧场版：Air／真心为你,1997-07-19 (JP),"动画,科幻,剧情,奇幻,动作",1h 27m,83,日语,"庵野秀明,鹤卷和哉","绪方惠美,林原惠美,三石琴乃,宫村优子,立木文彦,长泽美树,子安武人,优希比吕,山口由里子,查看更多",《新世纪福音战士》系列第二部剧场版，于 1997 年 7 月 19 日在日本上映。全名：《新世纪福音战士剧场版：THE END OF EVANGELION》（日语：新世紀エヴァンゲリオン 劇場版 THE END OF EVANGELION - Air/まごころを、君に，英语：NEON GENESIS EVANGELION: THE END OF EVANGELION - AIR/SINCERELY YOURS）。剧情承接 TV 动画版第 24 集，包括了重新制作的第 25 、第 26 话。在这部剧场版中第 25 话的名字是 “AIR”（天空），而副标题是 “LOEV IS DESTRUCTIVE”（爱是一种伤害）；第 26 话的名字是 “YOUR SINCERELY”（真心为你），副标题是“ONE MORE FINAL: I NEED YOU”（再说最后一遍：我需要你）。剧场版的每一话都和电视版一样有一个 “EYE - CATCH” 镜头（即每集中间那个黑底白字的英文标题）。这部剧场版标志着整个旧世纪《新世纪福音战士》的终结。影片分成 “Air” 与 “真心为你” 两个部分。神秘的 EVA 零号机驾驶员绫波丽，在与碇元渡约定之时，来到了 NERV 底层中央教条的红色水池边。她的命运似乎就将在此结束。在危急时刻，葛城美里不但要完成加持良治交待的对“第二次浩劫”真相以及“人类补完计划”的探查工作，还要保护碇真嗣与明日香，以及防备 SEELE 对初号机与二号机的物理接触。出于对碇元渡的憎恨，赤木律子接受了 SEELE 引爆 MAGI 的提案，她能否成功 ？长期与 SEELE 共事的碇元度、冬月耕造、碇唯，为了防止人类“最终的悲剧”，而酝酿了的“人类补完计划”能否实现 ？尽在《新世纪福音战士》电影版第 2 部中解答。,1997
黑客帝国,2000-01-14 (CN),"动作,科幻",2h 16m,83,英语,"拉娜·沃卓斯基,莉莉·沃卓斯基","基努·里维斯,劳伦斯·菲什伯恩,凯瑞-安·莫斯,雨果·维文,格洛丽亚·福斯特,乔·潘托里亚诺,马库斯·钟,朱利安·阿拉汗加,马特·多兰,查看更多",不久的将来，网络黑客尼奥对这个看似正常的现实世界产生了怀疑。他结识了黑客崔妮蒂，并见到了黑客组织的首领墨菲斯。墨菲斯告诉他，现实世界其实是由一个名叫“母体”的计算机人工智能系统控制，人们就像他们饲养的动物，没有自由和思想，而尼奥就是能够拯救人类的救世主。可是，救赎之路从来都不会一帆风顺，到底哪里才是真实的世界？如何才能打败那些超人一样的特勤？尼奥是不是人类的希望？这是黑客的帝国，程序和代码欢迎大家的到来。,2000
萤火之森,2011-09-17 (JP),"爱情,动画,奇幻",44m,83,日语,大森贵弘,"泽田泉,田谷隼,佐仓绫音,内山昂辉,辻亲八,山本兼平,町田政则,内田爱美,后藤弘树,查看更多",某年夏天，6岁小女孩竹川萤来到爷爷家度假，她闯进了传说住满妖怪的山神森林。正当她因为迷路而焦急万分的时候，一个戴着狐狸面具的大男孩出现在她面前，并引领着萤找到回家的路。虽然萤分外感激，可是男孩却禁止她碰触自己的身体，原来这名叫银的男孩并非人类，他一旦被人类碰触就会烟消云散。在此后的日子里，萤和银成为好朋友，他们走遍了森林的每一个角落玩耍。日复一日，年复一年，每到夏天的时候萤就会如约来到森林和好朋友见面。她遵守着和银的约定，无论如何也不碰触银的身体。随着年龄的增长，萤和银对彼此的情感都悄悄发生了变化，他们共同期待相聚的日子，共同期待拥抱对方。本片根据绿川幸的原作改编。,2011
光荣之路,1957-12-20 (US),"战争,剧情",1h 27m,83,英语,斯坦利·库布里克,"柯克·道格拉斯,拉尔夫·米克尔,阿道夫·门吉欧,乔治·麦克雷迪,韦恩·莫里斯,理查德·安德森,乔·托克尔,克里斯蒂安·库布里克,Jerry Hausner,查看更多",斯坦利·库布里克执导，堪称影史最具震撼力的反战电影之一。柯克·道格拉斯以炽烈演技诠释第一次世界大战期间一位法国上校的形象——当他的士兵因未能完成不可能的任务而被控怯战时，他毅然与军队高层的冷酷权威展开正面对抗。这部以精湛摄影呈现的沉郁之作，精准剖解了军事机器的荒谬本质与非人性化机制（这一主题将持续贯穿库布里克的创作生涯）。从压抑的战壕对峙到扣人心弦的法庭高潮，直至摧人心魄的结局场景，全片以这位传奇导演标志性的精准掌控力层层推进，铸就了这部不朽杰作。[标准收藏公司],1957
从前有个工作室,2023-11-24 (CN),"动画,家庭,奇幻,剧情,喜剧",9m,83,英语,"Dan Abraham,Trent Correy","克里斯·迪曼托波罗斯,凯特琳·罗布罗克,Tony Anselmo,Bill Farmer,吉姆·卡明斯,奥丽伊·卡瓦洛,克里斯汀·贝尔,阿尼卡·诺丽·罗斯,雷蒙德·S·佩尔西,查看更多",短片为迪士尼成立满100周年的纪念作品，导演崔伦特·柯瑞和丹·亚伯拉罕花了大约八个月时间构思，他们称该短片是写给华特迪士尼动画工作室的“情书”，也是“对过去一百年来与电影产生联系的观众表达感谢”。该短片登场的角色多达400多个，其中包括《石中剑》的梅林、《公主与青蛙》的蒂安娜、《冰雪奇缘系列》的艾莎、《星际宝贝系列》的史迪奇以及《四眼天鸡》的鸡丁，并由40多名配音员声演。,2023
七号房的礼物,2020-10-15 (CN),剧情,2h 12m,83,土耳其语,Mehmet Ada Öztekin,"Aras Bulut İynemli,妮莎·索菲亚·阿克松古尔,İlker Aksum,Mesut Akusta,Yıldıray Şahinler,Yurdaer Okur,Sarp Akkaya,Deniz Baysal,Deniz Celiloğlu,查看更多",梅莫（阿拉斯·布鲁特·伊涅姆利 Aras Bulut Iynemli 饰）虽然生得人高马大，但却只有相当于6岁孩童一般的智慧，他带着女儿奥瓦（妮莎·索菲亚·阿克松古尔 Nisa Sofiya Aksongur 饰），同奶奶法蒂玛（塞利尔·托扬·乌伊萨尔 Celile Toyon Uysal 饰）生活在一起，日子虽然过得紧巴巴的，但一家人能够团聚就是最大的快乐。  哪知道某日祸从天降，连一只蚂蚁都不愿意踩死的梅莫，竟然背负上了莫须有的杀人罪名，被关进了七号牢房中，单纯的梅莫并不知道自己即将面临怎样悲惨的命运。在监狱里，梅莫很快就和他的狱友们成为了朋友，梅莫开朗乐观的性格感染了周围的每一个人，给他们带来了快乐和希望，为了回报梅莫，这些曾经“穷凶极恶”的罪人们决定用他们的性命为筹码，来实现梅莫一个希冀已久的愿望。,2020
迈克尔·杰克逊：颤栗,1983-11-21 (US),"恐怖,音乐,惊悚",14m,83,英语,约翰·兰迪斯,"迈克尔·杰克逊,Ola Ray,文森特·普莱斯,Cynthia Garris,米克·加里斯,Hanala Sagal,Forrest J. Ackerman,Reed Armstrong,Rick Baker,查看更多",黑人女青年（欧拉·蕾 Ola Ray 饰）跟男友（迈克尔·杰克逊 Michael Jackson 饰）因为汽车没油了走在回家的路上，男友像她示爱，女青年欣然接受，但是男青年向她透露自己跟常人不一样。正当女青年在犯迷糊之时男友已经趁着月光变身成了狼人，关键时刻镜头一转才发现真实的情况是这只是女青年和男友正在看的恐怖片。女青年因为害怕决定要早走，男友追上了她，解释一番过后两个嬉笑着回家。但是真正的危险正在发生，当他们路过一片墓地时，恐怖的食人尸都从地底下爬了出来……,1983
狮子王,1995-07-15 (CN),"动画,家庭,剧情",1h 29m,83,英语,"罗杰·艾勒斯,罗布·明科夫","马修·布罗德里克,莫伊拉·凯利,杰瑞米·艾恩斯,内森·莱恩,欧内斯特·萨贝拉,詹姆斯·厄尔·琼斯,罗伯特·吉尔劳姆,罗温·艾金森,乌比·戈德堡,查看更多",辛巴是荣耀王国的小王子，他的父亲穆法沙是一个威严的国王。然而叔叔刀疤却对穆法沙的王位觊觎已久。要想坐上王位，刀疤必须除去小王子。于是刀疤利用种种借口让辛巴外出，然后伺机大开杀戒，无奈辛巴被穆法沙及时来救。在反复的算计下，穆法沙惨死在刀疤手下。刀疤一方面别有用心地劝辛巴离开，一方面派人将他赶尽杀绝。辛巴逃亡中遇到了机智的丁满和善良的彭彭，他们抚养辛巴长成雄壮的大狮子，鼓励他回去森林复国。在接下来一场复国救民的斗争中，辛巴真正长成一个坚强的男子汉，领会了责任的真谛。,1995
乔西的虎与鱼,2021-06-11 (CN),,1h 38m,83,日语,田村耕太郎,"中川大志,清原果耶,宫本侑芽,兴津和幸,琳恩,松寺千惠美,尾花宽治,盛山晋太郎,内田夕夜,查看更多",专攻海洋生物学的恒夫，为了实现自己能够亲眼看一下只生活在墨西哥的梦幻鱼群的梦想，日夜不停地在进行着兼职打工。一天恒夫偶然遇见一个女孩坐在轮椅上，失控从斜坡上冲下来。得到了大学生恒夫救了这个女孩。这个女孩叫乔西，自幼便一直坐在轮椅上，她的祖母千津一直照顾乔西，和她相依为命。祖母千津向恒夫介绍了一份兼职工作。这份工作的内容就是听从乔西的要求，并想办法满足她。乔西活在自我世界里，可以遨游在自己感兴趣的绘画和书籍的海洋中。然而，她不善与他人交流且十分固执。乔希对恒夫非常刻薄，而恒夫也没有在意乔西是个残疾人，直率地回应她……,2021
云上情歌,2020-10-09 (US),"音乐,剧情",2h 1m,82,英语,贾斯汀·贝尔杜尼,"芬·奥尔格斯,塞布丽娜·卡彭特,麦迪森·伊瑟曼,内芙·坎贝尔,托马斯·埃弗雷特·斯科特,里尔·莱尔·哈瓦瑞,莎莫·H·豪威尔,薇薇安·恩迪科特·道格拉斯,迪伦·埃弗雷特,查看更多",美国男孩扎克·索比赫14岁被诊断患有骨肉瘤(18岁去世)，多次手术和化疗并未遏制癌症发展，在得知自己只剩几个月寿命后，他创作了《云》这首歌，感谢自己身边的人和所经历的一切，乐观面对。,2020
复仇者联盟4：终局之战,2019-04-24 (CN),"冒险,科幻,动作",3h 1m,82,英语,"乔·罗素,安东尼·罗素","小罗伯特·唐尼,克里斯·埃文斯,马克·鲁法洛,克里斯·海姆斯沃斯,斯嘉丽·约翰逊,杰瑞米·雷纳,乔什·布洛林,唐·钱德尔,保罗·路德,查看更多",灭霸集齐六颗无限宝石后的一声响指，让宇宙中半数生命灰飞烟灭。幸存的复仇者们几近绝望，即使找到灭霸，也发现无限宝石已经被毁，希望似乎彻底破灭。五年后，迷失在量子领域的蚁人意外回到现实世界，并带来了一个可能逆转一切的办法。托尼·斯塔克、美国队长等幸存的英雄再度集结，尝试穿越不同的时间节点寻找过去的无限宝石。然而在行动过程中，过去的灭霸也逐渐察觉了他们的计划。为了挽回失去的一切，复仇者们不得不再次面对一场决定整个宇宙命运的终极挑战……,2019
洞,1960-03-18 (FR),"剧情,惊悚,犯罪",2h 12m,82,法语,雅克·贝克,"迈克尔·康斯坦丁,Jean Keraudy,Philippe Leroy,Raymond Meunier,Marc Michel,Jean-Paul Coquelin,André Bervil,Eddy Rasimi,Philippe Dumat,查看更多",在巴黎的一间牢房里，五名囚犯用尽全部的坚韧与智慧，试图通过精心挖掘的隧道重获自由。根据若泽·乔瓦尼的小说改编，雅克·贝克的这部影片在诗意的人文关怀与紧绷得令人窒息的危险氛围间取得了精妙的平衡。,1960
城市之光,1931-03-07 (US),"喜剧,剧情,爱情",1h 27m,82,英语,查理·卓别林,"查理·卓别林,弗吉尼亚·切里尔,弗洛伦斯·李,哈里·迈尔斯,阿尔·欧内斯特·加西亚,汉克·曼恩,阿尔伯特·奥斯汀,埃迪·贝克,亨利·伯格曼,查看更多",这部查理·卓别林最受珍爱的作品，亦是其流浪汉形象的终极篇章。在这部无声影片中，身兼编剧、导演与主演的卓别林达到了悲喜交融的新境界：可爱的流浪汉爱上街头卖花的失明少女（弗吉尼亚·切瑞尔诠释出魔幻般的纯真），却被女孩误认为百万富翁。尽管这部大萧条时期的轰动之作诞生于有声时代来临之后，卓别林仍毅然坚守对默片艺术表现力的热爱。最终成就了他个人艺术的巅峰，亦加冕为默片喜剧的不朽丰碑。,1931
我想吃掉你的胰脏,2019-01-18 (CN),"动画,剧情,爱情",1h 49m,82,日语,牛岛新一郎,"高杉真宙,琳恩,藤井幸代,内田雄马,福岛润,田中敦子,三木真一郎,和久井映见,厚木那奈美,查看更多",“没有名字的我，没有未来的她” 对他人毫无兴趣，总是独自一人读书的高中生“我”。这样的“我”有一天，偶然捡到一册写着《共病文库》的文库本。那是，天真烂漫的班上人气王·山内樱良私下记录的日记本。里面记载着她身患胰脏的疾病，已经时日无多……。隐藏自己的疾病度过日常的樱良，与知晓其秘密的“我”。— 两人的距离，还没有名字。,2019
复仇者联盟3：无限战争,2018-05-11 (CN),"冒险,动作,科幻",2h 36m,82,英语,"乔·罗素,安东尼·罗素","小罗伯特·唐尼,克里斯·埃文斯,克里斯·海姆斯沃斯,乔什·布洛林,马克·鲁法洛,斯嘉丽·约翰逊,唐·钱德尔,本尼迪克特·康伯巴奇,汤姆·赫兰德,查看更多",来自宇宙深处的强大敌人灭霸开始寻找六颗无限宝石，企图利用它们的力量实现自己的计划。随着他的军团向地球和宇宙各处发动袭击，复仇者联盟、银河护卫队以及众多超级英雄被迫卷入这场前所未有的战争。此时的复仇者们仍因过去的分裂而各自行动，却不得不在不断逼近的危机中寻找彼此的力量。面对一个远比以往任何敌人都更加强大的对手，他们必须竭尽所能阻止灭霸集齐无限宝石，而整个宇宙的命运也因此悬于一线……,2018
幽会百科,1965-07-05 (IT),纪录,1h 32m,82,意大利语,皮埃尔·保罗·帕索里尼,"皮埃尔·保罗·帕索里尼,Lello Bersani,阿尔贝托·莫拉维亚,Cesare Musatti,Peppino Di Capri,Ezio Pascutti,William Negri,Carlo Furlanis,Giuseppe Ungaretti,查看更多","这是一部探讨意大利人爱情与性观念的带有社会学性质的纪录片。影片向意大利各地、各种阶层，各种行业、各种年龄的男女们询问关于爱情和婚姻生活、性生活方面的各种问题，甚至采访孩子们“孩子是怎样生出来的”。他随意地把镜头和麦克风向着沐浴在阳光下悠闲散步的人们；在镜头后面，他向人们抛出了一个有关""爱情""――这是一个交叉着包容了性、夫妻、快乐、家庭、婚约以及风俗习惯、卖淫及其价格等多种范畴的模糊不定的领域――的问题。有的人把他的那些""不足为外人道""的回忆伪装改扮，说起来支支唔唔、顾左右而言它，而他们又时常收拾起他们自己的隐痛，喋喋不休地好象是别人的代言人；他们越聊越近乎，说出他们赞赏的事物和不满意之处；他们勾肩褡背、面面相觑。笑语、伤痛，还有些许狂热迅速在这一群人中间传递，波及每一个人。",1965
老男孩,2003-11-21 (KR),"惊悚,悬疑",2h,82,朝鲜语,朴赞郁,"崔岷植,刘智泰,姜惠贞,金秉玉,池大汉,吴达洙,李胜欣,尹珍序,吴泰景,查看更多",女儿生日那天，中年男子吴大修（崔岷植饰）在醉酒回家路上，突遭不明身份的人绑架失踪。就此，他毫无理由地被囚禁在一个神秘的私人监狱中。寻死未果的吴大修，每天看电视，三餐吃煎饺。通过电视，他得知妻子已遭杀害，女儿下落不明，自己更被怀疑为凶手。就此，吴大修开始锻炼身体，决心复仇，并在牢中度过漫长的15年...,2003
安逸人生,1962-12-05 (IT),,1h 45m,82,意大利语,迪诺·里西,"维托里奥·加斯曼,让-路易斯·特林提格南特,凯瑟琳·斯巴克,Claudio Gora,Luciana Angiolillo,Linda Sini,Franca Polesello,Bruna Simionato,Lilly Darelli,查看更多",1962年的夏天，罗伯托和布鲁诺结伴去托斯卡纳地区游玩，这两人的性格年龄都大相径庭。罗伯托是个羞涩内向的学生，而布鲁诺则是个精力旺盛、反复无常的中年人。在旅途中两人慢慢熟悉了解，布鲁诺成功人士和上流社会的派头让罗伯托心生艳羡，但同时他也看到了布鲁诺空虚、肤浅和不快乐的另一面。,1962
牯岭街少年杀人事件,1991-07-27 (TW),"犯罪,剧情,爱情",3h 57m,82,汉语,杨德昌,"张震,杨静怡,张国柱,金燕玲,王琄,张翰,姜秀琼,赖梵耘,谭至刚,查看更多",这部由杨德昌执导的台湾电影杰作，被誉为当代影坛最受推崇与渴求的作品之一。影片以六十年代初的台湾为背景，改编自一起震动全岛的真实案件。这部兼具宏大格局与私密情感的巨作，以小说般的笔触与沉静的凝视，聚焦一位少年（张震的银幕首秀）从纯真逐渐无可挽回地滑向犯罪深渊的过程，并交织着躁动青春、摇滚乐与政治动荡的压抑时代底色。,1991
为了萨玛,2019-07-26 (US),"纪录,战争",1h 36m,82,英语,"Edward Watts,Waad al-Kateab","Sama Al-Khateab,Hamza Al-Khateab,Waad al-Kateab",本片既是一段深入战争女性体验的私密旅程，也是一曲波澜壮阔的史诗。这部一位年轻母亲写给女儿的深情家书，以瓦德·卡提卜的镜头穿越叙利亚阿勒颇五年起义时光，记录她在战火蔓延中坠入爱河、缔结婚姻并诞下女儿萨玛的人生轨迹。在灾难性冲突愈演愈烈之际，她的摄像机捕捉到无数关于失去、欢笑与生存的震撼片段，而瓦德本人则深陷两难抉择——是否该为保护女儿生命逃离这座城市？离去意味着抛下她已付出巨大代价的自由抗争。,2019
天地玄黄,1993-11-19 (US),纪录,1h 37m,82,英语,罗恩·弗里克,帕特里克·迪桑托,我们是谁？从哪里来？又将归往何处？这些问题和我们的生存息息相关，但却很少有人能够给出准确的答案。历时14个月，穿越24个国家，导演罗恩·弗里克（Ron Fricke）用镜头向我们展示了大自然能够拥有的最壮阔最绚丽的景致——从远古到现在，从猿猴到人类，从荒无人烟的沙漠到震撼人心的宗教活动现场，从广袤天地带来的感动到婴孩单纯的笑脸给予的幸福，我们会发现，很多时候，我们并不能意识到，这美好的一切正时时刻刻的发生在我们身边。全片没有台词，片名Baraka在古伊斯兰语中代表祝福，这也是导演拍摄此片的初衷，祝福与我们共同存在在这颗蔚蓝地球上的一切。,1993
黑帮悍将,1993-02-05 (US),"犯罪,剧情,惊悚",3h 10m,82,英语,泰勒·哈克福德,"达米安·查帕,杰西·博雷戈,本杰明·布拉特,恩里克·卡斯蒂略,Victor Rivers,德尔罗伊·林多,汤姆·托尔斯,卡洛斯·卡拉斯科,Teddy Wilson,查看更多",影片以诗人吉米·圣地亚哥·巴卡的真实生活经历为基础，重点讲述了帕科和克鲁兹的同父异母兄弟，以及他们的两个种族表兄米科。影片于1972年开拍，因为这三人是洛杉矶东部一个叫“瓦托斯机车”的团伙的成员，故事的重点是暴力犯罪和毒品的影响如何改变他们的生活。,1993
拯救大兵瑞恩,1998-11-13 (CN),"战争,剧情,历史",2h 49m,82,英语,史蒂文·斯皮尔伯格,"汤姆·汉克斯,汤姆·塞兹摩尔,爱德华·伯恩斯,巴里·佩珀,亚当·戈德堡,范·迪塞尔,吉奥瓦尼·瑞比西,杰瑞米·戴维斯,马特·达蒙,查看更多",1944年，诺曼底登陆期间。经历奥马哈海滩的惨烈战斗后，约翰·米勒上尉突然接到一项特殊命令：深入德军控制区，寻找失散的伞兵詹姆斯·瑞恩。瑞恩家中四兄弟均在军中服役，其中三人已经先后阵亡，为了避免他们的母亲失去最后一个儿子，美军决定将瑞恩找到并安全送回家。米勒只得带领七名士兵离开正在推进的部队，深入危机四伏的法国战场寻找一个素未谋面的人。随着搜寻不断深入，小队不仅要面对随时可能出现的德军，也开始无法回避同一个问题：为了拯救一个人的生命，让更多人冒险甚至牺牲，究竟是否值得……,1998
鬼灭之刃：无限列车篇,2020-10-16 (JP),"动画,动作,奇幻",1h 57m,82,日语,外崎春雄,"花江夏树,鬼头明里,下野纮,松冈祯丞,日野聪,樱井孝宏,小西克幸,早见沙织,铃村健一,查看更多",炭治郎等人完成蝴蝶屋的训练，下一个目的地是开往黑暗的无限列车。以多人行踪不明的这辆列车为舞台，炭治郎带着祢豆子与善逸、伊之助一行人，与鬼杀队最强剑士〝柱〞其中之一炎柱炼狱杏寿郎会合，新的任务即将开始！,2020
海上钢琴师,2019-11-09 (CN),"剧情,音乐",2h 50m,82,意大利语,朱塞佩·托纳多雷,"蒂姆·罗斯,普路特·泰勒·文斯,梅兰尼·蒂埃里,比尔·努恩,加布里埃尔·拉维亚,克兰伦斯·威廉姆斯三世,彼得·沃恩,尼尔·奥布赖恩,阿尔贝托·巴斯克斯,查看更多",1900年，一个被遗弃的婴儿出现在往返欧美的弗吉尼亚号上，被船上的锅炉工丹尼收养，并以新世纪的年份取名为“1900”。丹尼意外去世后，1900继续在船上长大，并逐渐展现出无师自通的惊人钢琴天赋，成为弗吉尼亚号上的钢琴师。他的演奏吸引着来自世界各地的乘客，也让他与小号手麦克斯结下深厚友谊。然而无论船只多少次靠岸，1900始终没有真正踏上陆地，对他而言，这艘船和八十八个琴键就是自己熟悉的整个世界。直到一次偶然的邂逅，让从未离开过大海的他第一次认真考虑走下弗吉尼亚号，面对那个没有边界的陌生世界……,2019
角斗士,2000-08-12 (CN),"动作,剧情,冒险",2h 35m,82,英语,雷德利·斯科特,"罗素·克劳,华金·菲尼克斯,康妮·尼尔森,奥利弗·里德,理查德·哈里斯,德里克·雅各比,杰曼·翰苏,大卫·斯科菲尔德,约翰·斯拉普内尔,查看更多",马克西蒙斯是罗马帝国战功显赫，受人拥戴的大将军。老国王马库斯·奥利利乌斯对大将军赏识有加，有意加冕于他。老国王对将军这种超越亲情的宠爱自然招来太子康莫迪乌斯的妒忌与不安，太子伺机杀害父亲，抢先登上王位，并马上下令诛杀大将军一家。马克西蒙斯死里逃生躲过暴君的魔爪，可是他所有的家人都未能幸免于难，返回家园，他只看到满目疮痍的破败景象。走投无路的马克西蒙斯只能投身为奴，从昔日的大将军沦为一名角斗士，在血腥厮杀中苟且求生。凭借英勇的气魄和高超的武艺，马克西蒙斯渐渐脱颖而出，晋级到罗马的大角斗场。这一次，他的剑直指暴君康莫迪乌斯，失去亲人的痛苦，沦为奴隶的屈辱，在马克西蒙斯的内心燃起了熊熊怒火。,2000
青春猪头少年不会梦到怀梦美少女,2019-06-15 (JP),"动画,爱情,剧情,奇幻",1h 30m,82,日语,增井壮一,"石川界人,濑户麻沙美,水濑祈,东山奈央,种崎敦美,内田真礼,久保由利香,内田雄马,佐藤聪美,查看更多",居住在天空与海洋辉映的城镇“藤泽”的梓川咲太，就读高中二年级。,2019
一年中的生活,2020-11-27 (US),"剧情,爱情",1h 47m,82,英语,Mitja Okorn,"贾登·史密斯,卡拉·迪瓦伊,小库珀·古丁,克里斯·德埃利亞,JT Neal,Stony Blyden,彼得·麦克尼尔,罗伯特·菲茨杰拉德·迪格斯,尼娅·朗,查看更多",泰伦斯·霍华德(《嘻哈帝国》)确认加盟加盟新片[一年中的生活](Life In A Year，暂译)。该片将由Mitja Okorn执导，讲述一个17岁的男孩，在发现患有癌症的女朋友只剩下一年的生命后，决定在她还没离去的这一年给她一个完整的人生。贾登·史密斯、卡拉·迪瓦伊加盟主演，泰伦斯饰贾登的父亲。,2020
绿皮书,2019-03-01 (CN),"剧情,喜剧,历史",2h 10m,82,英语,彼得·法雷利,"维果·莫特森,马赫沙拉·阿里,琳达·卡德里尼,塞巴斯蒂安·马尼斯科,迪米特·D·马里诺夫,迈克·哈顿,P·J·伯恩,约瑟夫·科尔特斯,Mary Agnes Nixon,查看更多",1962年，纽约。夜总会因装修暂时停业后，托尼·利普急需寻找一份新工作，并受雇成为知名黑人钢琴家唐·雪利的司机兼保镖。唐·雪利即将展开为期八周的美国南方巡演，而在当时种族隔离与歧视依然严重的南部地区，两人不得不依靠一本为黑人旅行者提供安全食宿信息的“绿皮书”一路前行。性格、出身和生活方式截然不同的两人在旅途中冲突不断，却也在共同面对偏见与危险的过程中逐渐了解彼此，建立起一段跨越种族与阶层的友谊……,2019
GIVEN 被赠与的未来 剧场版,2020-08-22 (JP),"动画,剧情,音乐,爱情",59m,82,日语,山口光,"江口拓也,中泽匡智,矢野奖吾,内田雄马,浅沼晋太郎",高中生上山立夏热爱演奏吉他，与春树和秋彦合组一个小乐队。某个午休，他意外帮佐藤真冬修好吉他弦后，被真冬拜托教吉他，而后又在听到真冬的歌声后邀请他加入乐队。立夏在相处的过程中渐渐喜欢上真冬，真冬有一个彼此互相喜欢并支持的青梅竹马，但那个人却自杀了，因那个人喜欢吉他，真冬才一直很想学。那个人没有做到的事，没有坚持的陪伴，立夏都帮他实现了，真冬也开始慢慢喜欢上立夏。另外一对CP春树和秋彦，春树一直默默喜欢着秋彦，为他留着长发，但秋彦却与极具音乐才华的小提琴家雨月同居在一起。动画影集以高中生的真冬与立夏两人间悲伤恬淡的爱情为主轴，首部剧场版则为大人组三人的春树、秋彦、雨月，炽热的三角恋拉开序幕。,2020
福音战士新剧场版：终,2025-10-31 (CN),"动画,动作,科幻,剧情",2h 34m,82,日语,"庵野秀明,中山胜一,鹤卷和哉,前田真宏","绪方惠美,宫村优子,坂本真绫,林原惠美,三石琴乃,山口由里子,关智一,岩永哲哉,岩男润子,查看更多",成为“第三次冲击”元凶的碇真嗣，变得像废人一样……真嗣还能振作起来吗？2012年《福音战士新剧场版：Q》之后，这部动画讲述了被封印的故事的后续。,2025
超级马力欧银河大电影,2026-04-03 (CN),"家庭,喜剧,冒险,奇幻,动画",1h 38m,82,英语,"亚伦·霍瓦特,迈克尔·杰勒尼克","克里斯·帕拉特,查理·戴,安雅·泰勒-乔伊,杰克·布莱克,科甘-迈克尔·凯,本杰明·萨夫迪,格伦·鲍威尔,布丽·拉尔森,唐纳德·格洛弗,查看更多",击败酷霸后，马力欧和路易吉在蘑菇王国开始了新的生活，并结识了新伙伴耀西。与此同时，酷霸Jr.为了救出父亲、重振酷霸家族，将目标指向生活在彗星天文台、守护奇可们的罗莎塔公主。随着碧姬公主的生日庆典被突如其来的危机打破，马力欧、路易吉、碧姬公主、奇诺比奥和耀西踏上跨越银河的全新冒险，在一个个陌生世界中追寻罗莎塔的下落，并阻止酷霸Jr.的计划……,2026
穿靴子的猫2,2022-12-23 (CN),"动画,冒险,奇幻,喜剧,家庭",1h 43m,82,英语,乔尔·克劳福德,"安东尼奥·班德拉斯,萨尔玛·海耶克,哈维尔 吉伦,瓦格纳·马拉,弗洛伦丝·皮尤,奥利维娅·科尔曼,雷·温斯顿,萨姆森·卡约,约翰·穆拉尼,查看更多",时隔11年，臭屁自大又爱卖萌的猫大侠回来了！如今的猫大侠（安东尼奥·班德拉斯 配音），依旧幽默潇洒又不拘小节、数次“花式送命”后，九条命如今只剩一条，于是不得不请求自己的老搭档兼“宿敌”——迷人的软爪妞（萨尔玛·海耶克 配音）来施以援手来恢复自己的九条生命。,2022
狼的孩子雨和雪,2012-07-21 (JP),"动画,家庭,剧情,奇幻",1h 57m,82,日语,细田守,"宫崎葵,大泽隆夫,黑木华,西井幸人,大野百花,加部亚门,平冈拓真,林原惠美,上白石萌音,查看更多",在某国立大学念书的花（宫崎葵 配音）与偶然来校旁听的男子（大泽隆夫 配音）坠入爱河，即使对方是一名狼人，她也义无反顾投入对方怀抱。此后的岁月里，花先后生下女儿小雪和儿子小雨。谁知厄运突然降临，温柔的丈夫撒手人寰。柔弱而坚强的花竭尽全力抚养两个孩子长大，吃穿用度，衣食住行 ，无一不牵扯她的心思。而子女狼人的身份也迫使他们离开繁华大都市，前往宁静的山野乡村求生。他们在一栋古旧的民房内落脚，小雪顽劣张扬，小雨纤细内敛，姐弟俩以狼的身姿穿行于深山密林，享受着前所未有的快乐与自由。在此期间，以韭崎爷爷（菅原文太 配音）为代表的村民也给花一家带来无微不至的关怀。小雪和小雨渐渐长大，他们也终于迎来决定身份和前路的重要时刻……,2012
砂之女,1964-02-15 (JP),"剧情,惊悚",2h 3m,82,日语,敕使河原宏,"冈田英次,岸田今日子,三井弘次,伊藤弘子,矢野宣,观世荣夫,Ginzô Sekiguchi,Kiyohiko Ichihara,西本裕行,查看更多",一个昆虫学家（冈田英次 饰）在沙漠做野外考察，却不慎错过归程班车，被困在一个沙漠中的小村子里。他落脚在一个寡妇（岸田今日子 饰）家，被招待之后发现通往外界的路已经被封住。他慢慢观察村子的各种古怪，比如全部村民每到夜晚都要出动铲沙，以免居住的房屋被沙子埋掉，所有的水都受到管制，实行配给制使用等。收留他的寡妇开始用身体诱惑他，试图和他重组一个家庭，他几次三番尝试逃走都以失败告终，只好表面上虚与委蛇，进入村子定期劳动、享受配给的生活模式，但他内心始终在做逃走的打算。一日，寡妇突发急病，被医生诊断为意外怀孕，大家手忙脚乱带她去送医，男人终于有了千载难逢的逃走机会……,1964
克劳斯：圣诞节的秘密,2019-11-08 (ES),"动画,家庭,喜剧",1h 37m,82,英语,塞尔吉奥·巴勃罗斯,"杰森·薛兹曼,J·K·西蒙斯,拉什达·琼斯,琼·库萨克,Norm Macdonald,威尔·萨索,塞尔吉奥·巴勃罗斯,Mila Brener,Neda Margrethe Labba,查看更多",贾斯帕（詹森·舒瓦兹曼饰）被认为是邮政学院最差的学生，他驻扎在北极圈内的一个冰冻岛屿上，那里的当地人之间几乎不交流，更不用说写信了。当贾斯帕准备放弃之时，他找到了自己的盟友阿尔娃（当地的一名教师，拉什达·琼斯饰），并发现了克劳斯（奥斯卡奖得主 J·K·西蒙斯饰），克劳斯是一个神秘的木匠，独自住在一个满是手工玩具的小屋里。这几段不可思议的友谊让斯密伦斯堡又重新充满了欢声笑语，创造出了新的故事，这里有慷慨的邻居、神奇的传说和小心翼翼挂在烟囱上的长袜。《克劳斯：圣诞节的秘密》是一部节日喜剧动画片，由《神偷奶爸》联合创剧人塞尔希奥·巴勃罗斯担任导演，由琼·库萨克、威尔·萨索和诺曼·麦克唐纳徳联袂主演。,2019
无耻混蛋,2010-10-14 (CN),"剧情,惊悚,战争",2h 33m,82,英语,昆汀·塔伦蒂诺,"布拉德·皮特,梅拉尼·罗兰,克里斯托弗·瓦尔兹,伊莱·罗斯,迈克尔·法斯宾德,黛安·克鲁格,丹尼尔·布鲁赫,蒂尔·施威格,吉迪恩·伯克哈德,查看更多",故事分五章进行。二战中德占法国，德军上校汉斯（克里斯托弗·瓦尔兹 Christoph Waltz 饰）号称“犹太猎人”，在一次屠犹行动中，少女苏珊娜（梅勒尼·劳伦特 Mélanie Laurent 饰）侥幸逃脱。与此同时，八名美国犹太士兵在中尉奥尔多（布拉德·皮特 饰） 的带领下潜入德占法国刺杀德国军人，其行动神出鬼没，手法残忍，对德军造成相当威胁，被称为“杂种”。三年后苏珊娜来到巴黎继承了姑母的电影院，结识了德国战斗英雄，电影《国家荣耀》的主演弗里德里克（丹尼尔·布鲁赫 Daniel Brühl 饰）。对苏珊娜一见钟情的弗里德里克说服德国宣传部长约瑟夫·戈培尔（西尔维斯特·格洛斯 Sylvester Groth 饰）在苏珊娜的影院首映《国家荣耀》，希特勒（马丁·乌特克 Martin Wuttke 饰）本人也将出席。苏珊娜决定借放映之机烧毁影院；而在德国间谍女演员布里奇特（戴安娜·克鲁格 Diane Kruger 饰）的安排下，英美联合的刺杀行动“奇诺”也将在首映当晚行动……,2010
五尺天涯,2019-10-18 (CN),"爱情,剧情",1h 56m,82,英语,贾斯汀·贝尔杜尼,"海莉·卢·理查森,科尔·斯普劳斯,莫伊塞斯·阿里亚斯,金博利·赫伯特·格雷戈里,帕敏德·纳格拉,克莱尔·弗兰妮,艾米丽·巴尔多尼,加里·威克斯,Cynthia Evans,查看更多",17岁女孩Stella和男孩Will身患囊肿性纤维化疾病，他们在医院治疗的过程中相识相爱，两人必须抓紧每分每秒活着的时间。他们的爱情能够战胜疾病和死亡吗？,2019
单向乐队：这就是我们,2013-08-30 (US),"纪录,音乐",1h 32m,82,英语,Morgan Spurlock,"哈里·斯泰尔斯,泽恩·马利克,奈爾·霍蘭,Louis Tomlinson,Liam Payne,Simon Cowell,马丁·斯科塞斯,克里斯·洛克,Jon Shone,查看更多",继贾斯汀-比伯、凯蒂-佩瑞之后，英国当红偶像团体“单向乐队”(One Direction)也将拥有自己的3D音乐会纪录片，索尼公司今天宣布这部名为《单向乐队》(One Direction)的3D纪录电影将于2013年8月30日上映，索尼旗下三星影业(TriStar Pictures)将负责发行。,2013
致命魔术,2006-11-10 (GB),"剧情,悬疑,科幻",2h 10m,82,英语,克里斯托弗·诺兰,"休·杰克曼,克里斯蒂安·贝尔,迈克尔·凯恩,派珀·佩拉博,丽贝卡·豪尔,斯嘉丽·约翰逊,Samantha Mahurin,大卫·鲍伊,安迪·瑟金斯,查看更多",19世纪末的伦敦，罗伯特·安吉尔与阿尔弗雷德·伯登都是充满野心的年轻魔术师，曾经作为伙伴一起登台表演。然而一次意外造成的悲剧彻底改变了两人的关系，让昔日伙伴变成势不两立的竞争对手。此后，他们各自建立自己的舞台事业，不断钻研新的魔术，也开始想尽办法窥探、破坏甚至超越对方的表演。当伯登推出一个近乎不可能破解的惊人幻术后，安吉尔对其中的秘密愈发执着，甚至将目光投向正在迅速发展的实验科学。随着两人的竞争逐渐演变成无法停止的痴迷，他们愿意为成为最伟大的魔术师付出的代价也越来越高……,2006
星球大战4：新希望,1977-05-25 (US),"冒险,动作,科幻",2h 1m,82,英语,乔治·卢卡斯,"马克·哈米尔,哈里森·福特,凯丽·费雪,彼得·库欣,亚历克·吉尼斯,安东尼·丹尼尔斯,肯尼·贝克,彼得·梅休,大卫·鲍罗斯,查看更多",很久以前，在一个遥远的银河系……莱娅公主被邪恶的帝国势力挟为人质，企图镇压反抗银河帝国的起义军。卢克·天行者与汉·索罗船长携手可爱的机器人搭档R2-D2和C-3PO，共同踏上拯救美丽公主、恢复银河系正义的征程。[20世纪福克斯],1977
相助,2012-04-23 (CN),剧情,2h 26m,82,英语,塔特·泰勒,"艾玛·斯通,维奥拉·戴维斯,布莱丝·达拉斯·霍华德,奥克塔维亚·斯宾瑟,杰西卡·查斯坦,阿娜·欧蕾利,艾莉森·詹尼,安娜·坎普,Eleanor Henry,查看更多",上世纪60年代，在密西西比州，黑佣艾比里恩（维奥拉•戴维斯 Viola Davis 饰）勤勤恳恳照顾女主人的女儿，后者因产后抑郁症只顾与闺蜜贪欢。密西西比大学毕业生斯基特（艾玛•斯通 Emma Stone 饰）在报社负责家庭主妇信箱，并由此开始黑佣的生存状态。其中，希利（布莱丝•达拉斯•霍华德 Bryce Dallas Howard 饰）无疑是反面教材，她态度傲慢，对黑佣米妮（奥克塔维亚•斯宾瑟 Octavia Spencer 饰）抱有偏见，并力主黑佣不能与主人共用厕所。最终因不堪受辱，米妮愤然离去，并以牙还牙，假借道歉之机让她蒙羞。斯基特开始采访艾比里恩和米妮，希望了解黑佣的生存状态，并为自己的新书积累素材。与此同时，马丁路德金领导的平权运动正在如火如荼地开展，而斯基特所在的密西西比州正是斗争的前沿，因为黑人遭射杀的血案，种族隔离开始，一场肤色之争在所难免……,2012
宇宙小子大电影,2019-08-26 (US),"动画,家庭,冒险,奇幻,剧情,电视电影",1h 30m,82,英语,瑞贝卡·舒格,"Zach Callison,Deedee Magno Hall,Estelle,米凯拉·迪茨,Sarah Stiles,Tom Scharpling,乌佐·阿杜巴,Shelby Rabara,Jennifer Paz,查看更多",讲述史蒂文以为他保护地球的日子结束了，但新的反派来到沙滩市，史蒂文平静美丽的日子也完了，他遇到了人生中最大的挑战。,2019
控方证人,2025-11-28 (CN),"剧情,悬疑,犯罪",1h 56m,82,英语,比利·怀尔德,"泰隆·鲍华,玛琳·黛德丽,查尔斯·劳顿,爱尔莎·兰切斯特,约翰·威廉姆斯,亨利·丹尼尔,伊恩·沃尔夫,托林·撒切尔,诺玛·瓦尔登,查看更多",本片改编自阿加莎·克里斯蒂同名小说。  伦敦著名刑案辩护律师韦菲爵士接受了心脏病治疗，但是身体依旧虚弱，第一天回家休养，护士一直严厉监督他服药，并杜绝烟酒。管家为了便于上楼，还专门为他修了电梯。但是，种种关心照顾，对于这位桀骜不驯、牙尖嘴利的大律师根本不起作用，反倒是一纸诉状令他倍感兴奋。律师梅休和当事人沃尔登门拜访，请他出山打官司。原来，沃尔结识了富婆，两人相见甚欢，虽然仆人对他发明的打蛋器充满鄙夷，但是富婆却对他充满爱意，甚至为他修改了遗嘱，把8万英镑留给了他。然而，富婆却惨遭毒手。于是，沃尔成为警方的头号嫌疑犯。他的唯一证人是妻子克里斯汀，然而后者登门时的冷漠与淡定，令韦菲爵士怀疑这其中另有隐情。在扑朔迷离的案件背后，隐藏着一个个环环相扣、不可告人的秘密……,2025
摇篮,2024-08-23 (US),"剧情,家庭",2h 3m,82,英语,亚历克斯·肯德里克,"Aspen Kennedy Wilson,普莉希拉·希勒,Cameron Arnett,凯伦·阿伯克龙比,T.C.斯托林斯,B.J. Arnett,肯  拜博,本杰明·查尔斯·沃森,乔纳森·埃文斯,查看更多",高中毕业后，以赛亚对未来没有任何规划，他受到激励，开始做出更好的人生决定。,2024
闪灵,2026-01-30 (CN),"恐怖,惊悚",2h 23m,82,英语,斯坦利·库布里克,"杰克·尼科尔森,谢莉·杜瓦尔,丹尼·劳埃德,斯加特曼·克罗索斯,巴瑞·尼尔森,菲利普·斯通,乔·托克尔,安妮·杰克逊,托尼·伯顿,查看更多",杰克是一个作家。一个冬天，他得到了一个看管山顶酒店的差事。这正合杰克的意思，他正好可以有一个幽静的地方写作。于是杰克带着妻儿搬进了酒店。冬天大雪封路，山顶酒店只有杰克一家三口。从他们一搬进来，杰克的妻子温蒂就发现这里气氛诡异，杰克的儿子丹尼经常看到一些他不认识的人，但这里除了他们一家别无他人。而杰克除了一整天闷头写作外，脾气亦变得越来越古怪。直到有一天，温蒂发现丈夫这些天来一直写就只有一句话：杰克发疯了！,2026
泰勒·斯威夫特：“举世盛名”巡回演唱会,2018-12-31 (US),音乐,2h 5m,82,英语,保罗·达格代尔,"泰勒·斯威夫特,查莉XCX,卡米拉·卡贝洛,大卫·库克,阿莫斯·海勒,埃利奥特·伍德福德,杰斯林·戈尔曼,卡米拉·马歇尔,马特·比林斯利,查看更多",您已读过头条，听过传闻，而现在她将用红唇唱出真相。泰勒·斯威夫特将赠予全世界观众近距离观赏“泰勒·斯威夫特的名誉体育场巡回演唱会”在美国最后一场表演的机会，该巡回演唱会是美国历史以来销售额最高的巡演，现在仅在 Netflix 上放映！这部传奇的演唱会电影将展示火焰特技、烟花、数个场景以及 63 英尺的眼镜蛇卡林。《泰勒·斯威夫特的名誉体育场巡回演唱会》将从 12 月 31 日起在 Netflix 上面向全球上线，您可以随处观看这场销售一空并追高清囊括 6 万人的表演——无论是在家庭聚会上，东区的酒吧里，还是在沙发上和猫一起看。无论如何，这都将是一个最佳的新年夜计划。你准备好了吗？,2018
防弹少年团世界巡回演唱会：在首尔爱自己,2019-01-26 (KR),"音乐,纪录",1h 53m,82,朝鲜语,Son Sung-deuk,"RM,Jin,SUGA,j-hope,Jimin,金泰亨,田柾国","在 BTS 世界巡回演唱会 ""Love Yourself ""期间于首尔奥林匹克体育场拍摄，以庆祝这个全球男孩组合的七名成员及其前所未有的国际现象。",2019
寻梦环游记,2017-11-22 (US),"家庭,动画,音乐,冒险",1h 45m,82,英语,李·昂克里奇,"安东尼·冈萨雷斯,盖尔·加西亚·伯纳尔,本杰明·布拉特,阿兰娜·乌巴赫,芮妮·维克多,海梅·卡米尔,阿方索·阿劳,Herbert Siguenza,Gabriel Iglesias,查看更多",热爱音乐的少年米格出生在一个世代禁止族人接触音乐的家庭，却始终梦想成为偶像德拉库斯那样出色的音乐家。亡灵节当天，一连串意外让他闯入了绚丽神秘的亡灵世界。为了在天亮前回到家人身边，米格踏上寻找答案的旅程，并结识了落魄却机灵的乐手埃克托。两人在亡灵世界中一路同行，米格也逐渐接近家族尘封多年的往事，以及那条延续数代的音乐禁令背后的真正原因……,2017
对一个不容怀疑的公民的调查,1970-02-12 (IT),"剧情,惊悚",1h 51m,82,意大利语,Elio Petri,"吉安·玛丽亚·沃隆特,Florinda Bolkan,Gianni Santuccio,Orazio Orlando,Sergio Tramonti,Arturo Dominici,Aldo Rendine,Massimo Foschi,Aleka Paizi,查看更多",这位极具挑衅性的意大利电影导演埃利奥·佩特里在国际上最受赞誉的作品，便是这部荣获奥斯卡奖、令人震撼且直击人心的杰出惊悚片。在讲述一位罗马警探调查一桩令人发指的罪行——而凶手正是他自己——这一卡夫卡式故事时，佩特里巧妙维系了荒诞与写实间的平衡。影片既是对人物的深刻剖析，亦是对1960年代末至70年代初意大利政府高压镇压的尖锐评论。佩特里对超现实官僚体系的动态描摹，呈现出一幅反常又愉悦的受控混乱图景。[标准收藏],1970
禁闭岛,2010-02-18 (US),"剧情,惊悚,悬疑",2h 18m,82,英语,马丁·斯科塞斯,"莱昂纳多·迪卡普里奥,马克·鲁法洛,本·金斯利,马克斯·冯·西多,米歇尔·威廉姆斯,艾米莉·莫迪默,帕特里夏·克拉克森,杰基·厄尔·哈利,泰德·拉文,查看更多",故事发生于波士顿海湾的一座与世隔绝的小岛上，66名精神病罪犯被关押于此，传言岛上正在进行种种人体实验。重重戒备之下，一个杀害了三个亲生孩子的女犯雷切尔，竟诡异失踪。联邦执法官泰德·丹尼尔和搭档查克奉命上岛调查此事。而泰德此行前来还有一个隐秘的目的——寻找让妻子 葬身火海的凶手。故事遵循这条线索展开，寻找失踪之谜、访问医院工作人员与病人、地毯式搜查……泰德查遍全岛，意外发现岛上多出一份神秘档案：第67号病人的 ！岛上所有秘密无不纠结于这个多出来的人。但究竟谁是67号？,2010
男孩、鼹鼠、狐狸和马,2022-12-02 (GB),"动画,家庭,剧情,冒险",35m,82,英语,"Charlie Mackesy,Peter Baynton","Jude Coward Nicoll,汤姆·霍兰德尔,伊德瑞斯·艾尔巴,加布里埃尔·伯恩",查理·麦克西的同名绘本改编的手绘动画，关于善良、友谊、勇气和希望，通过一段辛酸而真挚的旅程，讲述了一个男孩、一只鼹鼠、一只狐狸和一匹马，四个孤独的灵魂在寻找家的过程中结伴而行，并在彼此身上找到了自己存在的意义。,2022
血战钢锯岭,2016-12-08 (CN),"剧情,历史,战争",2h 19m,82,英语,梅尔·吉布森,"安德鲁·加菲尔德,萨姆·沃辛顿,文斯·沃恩,泰莉莎·帕尔墨,卢克·布雷西,雨果·维文,瑞切尔·格里菲斯,瑞安·科尔,理查德·劳斯伯格,查看更多",第二次世界大战期间，来自弗吉尼亚州的戴斯蒙德·道斯主动参军，希望以医疗兵的身份救助战场上的伤员。然而由于个人信仰，他坚持不携带武器，也拒绝杀害任何人，这一选择让他在军营中遭到战友和上级的质疑、排斥，甚至一度面临无法继续服役的困境。尽管如此，道斯始终没有放弃自己的原则，也不愿放弃奔赴前线救人的愿望。当他最终随部队来到冲绳岛，被派往伤亡惨重的钢锯岭战场时，这个从未拿起过武器的医疗兵，也将在真正的枪林弹雨中面对对信念与勇气最严酷的考验……,2016
被解救的姜戈,2013-05-12 (CN),"剧情,西部",2h 43m,82,英语,昆汀·塔伦蒂诺,"杰米·福克斯,克里斯托弗·瓦尔兹,莱昂纳多·迪卡普里奥,凯丽·华盛顿,塞缪尔·杰克逊,沃尔顿·戈金斯,丹尼斯·克里斯托弗,詹姆斯·瑞马尔,大卫·斯廷,查看更多",姜戈是一名奴隶，他与前主人间那段饱受虐待的过往，让他最终与德裔赏金猎人金·舒尔茨医生狭路相逢。舒尔茨正在追踪杀人如麻的布里特尔兄弟，而只有姜戈能带他找到这帮悬赏目标。行事不循常规的舒尔茨赎下了姜戈，并承诺抓住布里特尔兄弟后——无论死活——便给予他自由。,2013
妈咪,2014-09-19 (CA),剧情,2h 18m,82,法语,泽维尔·多兰,"Anne Dorval,Suzanne Clément,Antoine Olivier Pilon,Patrick Huard,Alexandre Goyette,Michèle Lituac,Viviane Pacal,娜塔莉·哈默尔-罗伊,伊莎贝尔·内利斯,查看更多",单亲妈妈戴安（安妮·杜尔瓦勒 Anne Dorval 饰）大大咧咧，抽烟喝酒满口脏话，有着一颗不服输的心。她独自抚养患有多动症、常做出暴力行为的儿子斯蒂夫（安托万-奥利弗·波尼安 Antoine-Olivier Pilon 饰），母子关系游走在爆炸的边缘。戴安担心斯蒂夫惹是生非，斯蒂夫迫切想表达对妈妈的爱。新邻居凯拉（苏珊娜·克莱蒙 Suzanne Clément 饰）适时出现，这位患有失语症的高中女教师充当了母子的缓冲阀，让三个人都开始看到平衡和希望。然而斯蒂夫以前暴力行为带来的后果正在发酵，戴安需要支付一大笔赔偿金。她决定出卖自己的幸福并且做出一个痛苦决定：将儿子送回医院接受治疗......  《妈咪》是加拿大年轻导演泽维尔·多兰执导的第五部剧情长片，与多兰五年前在戛纳导演双周单元惊艳亮相的处女作《我杀了我妈妈》构成对照，同样讲述单亲家庭中狂躁而又深刻、依赖而又隔膜的母子关系。但不同于《我杀了我妈妈》的高度自传属性，《妈咪》更加宽厚和温暖，情绪更加饱满，几乎可以看作是多兰为自己处女作年少轻狂做出的一份愧意表达。本片入围第67届戛纳电影节主竞赛单元，与《再见语言》并列评审团奖。,2014
火遮眼,2026-06-09 (CN),"动作,犯罪,惊悚",1h 53m,82,"$20,000,000",谷垣健治,"谢苗,乔·塔斯利姆,杨恩又,雅彦·鲁伊安,杰佳·亚宁,黎唯,岩永丞威,萨哈贾克·波斯安吉特,玛娜莎楠·潘叻翁固,查看更多",东南亚某地，失语的维修工王伟与女儿雨晴相依为命。一天，雨晴在街头被一个人口贩卖组织掳走，王伟向警方求助，却发现当地执法系统充斥着腐败与冷漠。走投无路之下，他只能凭自己的力量追查女儿下落，并在过程中结识记者纳文。纳文的妻子曾因调查同一犯罪网络而神秘失踪，两人因此决定联手，沿着有限的线索一步步深入地下犯罪世界。面对盘根错节的黑恶势力和接连出现的危险，王伟为了救回女儿，不得不重新展现自己隐藏已久的战斗能力……,2026
哪吒之魔童闹海,2025-01-29 (CN),"动画,动作,奇幻,冒险",2h 24m,82,"$80,000,000",饺子,"吕艳婷,囧森瑟夫,瀚墨,陈浩,绿绮,张珈铭,杨卫,王德顺,雨辰,查看更多",天地灵气孕育出一颗能量巨大的混元珠，元始天尊将其炼化为灵珠与魔丸：灵珠转世后将肩负重任，而魔丸则会孕育出为祸人间的魔王。为了摧毁魔丸，元始天尊施下天劫咒，三年后天雷将至。太乙真人奉命将灵珠托生于陈塘关李靖之子哪吒身上，不料阴差阳错之下，灵珠与魔丸竟被掉包。生来便被视作魔童的哪吒遭到众人误解与排斥，却始终怀着一颗成为英雄的心。面对命中注定的天劫与世人的成见，哪吒开始向自己的命运发起挑战……,2025
自己去看,1985-07-09 (SU),"剧情,战争,恐怖,历史",2h 16m,82,俄语,埃莱姆·克利莫夫,"阿列克谢·叶夫根耶维奇·克拉夫琴科,Olga Mironova,Liubomiras Laucevičius,Vladas Bagdonas,Jüri Lumiste,Viktors Lorencs,Kazimir Rabetsky,Yevgeni Tilicheyev,Aleksandr Berda,查看更多",这是一部很特殊的战争题材电影，它真实地描写了德占区人民的悲惨遭遇和场面，以及人们面对突如其来的灾难的恐惧，反映了战争的真实面目。它既不同于《斯大林格勒保卫战》、《攻占柏林》这些正面战场的血肉横飞、排山倒海、摧枯拉朽，也不同与《这里的黎明静悄悄》、《星》所描写的局部战斗中体现的平凡悲壮，更不是战地浪漫曲，而是降临在平民百姓头上血淋淋的残酷。影片的事件和恐怖场面远超过任何一部描写德军集中营的电影，令人毛骨悚然，提醒胆小和心软者慎看。,1985
黑暗正义联盟：天启星战争,2020-05-05 (US),"动画,动作,冒险,奇幻",1h 30m,82,英语,"Matt Peters,Christina Sotta","马特·瑞安,杰里·奥康奈尔,泰莎·法蜜嘉,杰森·奥玛拉,罗莎里奥·道森,Stuart Allan,丽贝卡·罗梅恩,雷恩·威爾森,托尼·托德,查看更多",在星际暴君达克赛德（Darkseid）摧毁正义联盟（Justice League）后，地球被毁灭了，这场战争是由DC超级英雄发动的。现在，正义联盟、少年泰坦、自杀小队和其他各色各样的好堡垒必须重新集结，制定战略，并将战争带到黑暗世界，以拯救地球及其幸存居民。,2020
痴迷,2026-07-24 (CN),"恐怖,惊悚",1h 48m,82,英语,Curry Barker,"迈克尔·约翰斯顿,英迪·納瓦瑞特,Cooper Tomlinson,Megan Lawless,安迪·里克特,Haley Fitzgerald,Darin Toonder,Anthony Pavone,Justice,查看更多",性格孤僻的小镇青年贝尔苦苦暗恋女神妮基却怯于表白。他在一家商店意外获得神秘许愿道具 “一愿柳”，折断柳条许下 “让妮基爱我胜过世上所有人” 的愿望。愿望成真后，妮基却逐渐失控，变得痴缠癫狂，对贝尔产生窒息般的控制欲，身体、人格与理智接连崩塌。这场强求来的 “爱情” 暗藏致命代价，将贝尔拖入万劫不复的深渊。,2026
神秘博士：博士之日,2013-11-23 (GB),,1h 15m,82,英语,Nick Hurran,"马特·史密斯,大卫·田纳特,约翰·赫特,珍娜·科尔曼,比莉·派佩,William Hartnell,帕特里克·特劳顿,Jon Pertwee,Tom Baker,查看更多",被列入世界吉尼斯纪录的最长科幻系列电视剧《神秘博士》将迎来第50周年的播放纪念。为了庆祝这部长寿电视剧的半百生日，英国广播公司BBC电视台制作了《神秘博士》特辑，不仅将在英国电视台和电影院同步播映，还将首次以3D形式与观众见面。,2013
桃色公寓,1960-06-21 (US),,2h 5m,82,英语,比利·怀尔德,"杰克·莱蒙,雪莉·麦克雷恩,弗莱德·麦克莫瑞,雷·沃尔斯顿,杰克·克鲁申,大卫·刘易斯,奥佩·霍利迪,琼·肖丽,Naomi Stevens,查看更多",C. C. Baxter是纽约一个大公司的小职员，他的单身公寓经常被公司的高层们用去当作幽会的场所，Baxter也因此获得不少升迁的机会。Baxter暗恋着公司的电梯女郎Fran Kubelik，这天他终于鼓起勇气约了她晚上一起去看一出戏剧。然而Baxter等了一晚却未见Fran的踪影，原来Fran是公司的高管有妇之夫Jeffery Sheldrake的地下情人，那晚他们还在Baxter的公寓幽会。Jeffery信誓旦旦向Fran表示，他将和他的妻子离婚然后和她名正言顺地在一起。Fran相信了，然而几个星期后她又从Jeffery的上一任情人知晓了Jeffery所说的不过是个谎言。另一方面，在一个夜里，当Baxter回到他家的时候，意外地发现Fran竟倒在他的床上，并且服了很多安眠药企图自杀......  本片获1960年奥斯卡十项提名，赢得包括最佳导演、最佳影片在内的五项大奖。,1960
红胡子,1965-04-03 (JP),剧情,3h 5m,82,日语,黑泽明,"三船敏郎,加山雄三,山崎努,团令子,桑野美雪,香川京子,江原达怡,二木照美,根岸明美,查看更多",黑泽明执导这部歌颂人性光辉的经典之作，影片围绕一位傲慢的年轻医生与仁厚的诊所院长之间跌宕起伏的羁绊展开。三船敏郎在他与黑泽明合作的最后一部作品中，以极具力量的表演诠释了这位威严而富有同理心的院长形象，引导其学生走向成熟，教会那位愤世嫉俗的实习医生珍视贫困患者的生命。黑泽明精准捕捉了19世纪日本的时代风貌与人文气息，将时间、地域与情感交织成一幅引人入胜的画卷。[标准收藏],1965
蓦然回首,2024-10-26 (CN),"动画,剧情",1h 15m,82,日语,押山清高,"河合优实,吉田美月喜,齐藤阳一郎,冈幸太,牧红叶,吉桥航也,宫岛岳史,高桥大辅,Jun Ito,查看更多",藤野是一名小学四年级学生，她在校报上连载的四格漫画专栏获得了同学们的一致好评。然而某天她的老师却突然告诉她，逃学的京本想在报纸上刊登自己的漫画。两个女孩对漫画的共同热情让她们走到了一起，直到有一天，某件事的发生打破了这一切，一个令人揪心的成长故事就此展开。,2024
无知的声音,2005-01-28 (MX),"剧情,战争",2h,82,西班牙语,Luis Mandoki,"Carlos Padilla,Xuna Primus,蕾奥娜·维埃拉,José María Yázpik,Gustavo Muñoz,Ofelia Medina,丹尼尔·希门尼斯·卡乔,杰苏斯·欧乔阿,Jorge Angel Toriello,查看更多",20世纪80年代伊始，位于中美洲北部的小国萨尔瓦多爆发长达12年的内战。政府军和游击队连年激战，人民流离失所，国家破败不堪。11岁的男孩恰瓦（Carlos Padilla 饰）和母亲、姊妹生活在一起，他的父亲背井离乡，杳无音信。家中的生活困苦不堪，死亡也随时威胁着他们。本该在学堂求学的恰瓦，却被迫成为了一名端着冲锋枪的娃娃兵。从此，死神成为这群懵懂孩童最亲密最恐怖的同行者……,2005
我的母亲有话说,2019-12-26 (BR),喜剧,1h 50m,82,葡萄牙语,Susana Garcia,"Paulo Gustavo,Mariana Xavier,Rodrigo Pandolfo,Herson Capri,Samantha Schmütz,Alexandra Richter,Patrícya Travassos,Malu Valle,Stella Maria Rodrigues,查看更多",Dona Hermínia will have to rediscover and reinvent herself because her children are forming new families. This supermom will have to deal with a new life scenario: Marcelina is pregnant and Juliano is getting married.,2019
20世纪少女,2022-10-06 (KR),"爱情,剧情",1h 59m,82,朝鲜语,方宥力,"金裕贞,边佑锡,朴柾佑,卢允瑞,金成京,郑锡勇,尹伊莱,全惠媛,金努林,查看更多",1999年，一名少女为了大犯花痴的好友而密切关注学校里的一个男生，结果却展开了自己的爱情故事。,2022
泰勒·斯威夫特：时代巡回演唱会,2023-12-31 (CN),音乐,2h 49m,82,英语,萨姆·伦奇,"泰勒·斯威夫特,迈克·梅多斯,马克斯·伯恩斯坦,保罗·西多蒂,阿莫斯·海勒,马特·比林斯利,卡琳娜·德皮亚诺,梅兰妮·尼玛,卡米拉·马歇尔,查看更多",体验由独一无二的泰勒·斯威夫特带来的、令人叹为观止的“时代巡回演唱会”。 《泰勒·斯威夫特：时代巡回演唱会》（Taylor Swift: The Eras Tour）是一部于2023年上映的演唱会音乐纪录电影，由美国创作歌手泰勒·斯威夫特亲自担任制片并主演，萨姆·伦奇执导。影片全程拍摄于巡演2023年8月3日至5日在美国洛杉矶SoFi体育场举办的三场演唱会，是“泰勒·斯威夫特 'Eras' 世界巡回演唱会”的电影版本。 该片于2023年10月13日在北美正式上映，12月13日上线流媒体点播平台，12月31日在中国大陆上映。2023年10月11日（美国时间），电影首映礼在洛杉矶隆重举行。 值得关注的是，由于本片并非由电影和电视制片人联盟成员公司的制作团队参与，因此得以在2023年好莱坞劳资纠纷罢工期间顺利进行制作。在与好莱坞主要电影及流媒体公司发行协议谈判破裂后，斯威夫特转而与AMC电影院达成发行协议，随后亦与Cinemark电影院达成合作。 自影片宣布以来，便引发了极大的关注度和票务需求，部分电影公司因此紧急将原定于10月13日上映的影片进行改档调整。该片预售首日即斩获3700万美元票房，打破多项美国电影首日预售纪录，并于2023年10月5日预售总额突破1亿美元，最终获得吉尼斯世界纪录认证，成为“史上全球票房最高的音乐会电影”。,2023
小姐,2016-06-01 (KR),"惊悚,剧情,爱情",2h 25m,82,朝鲜语,朴赞郁,"金敏喜,金泰梨,河正宇,赵震雄,金海淑,文素利,李龙女,郭恩珍,李东辉,查看更多",故事背景设定在1930年代日本占领时期的朝鲜。新人女仆淑熙受雇服侍日本贵族秀子，后者与专横的舅舅居住在一座偏僻的乡间大宅中。然而女仆怀揣秘密：她实为一名扒手，受假冒日本伯爵的骗子招募，企图助其引诱小姐私奔，夺取财产后将秀子关进疯人院。计划似乎顺利进行，直到淑熙与秀子之间萌生了意料之外的情愫。,2016
比莉·艾利什：模糊世界,2021-02-26 (US),"纪录,音乐",2h 20m,82,英语,R.J. Cutler,"比莉·艾利什,菲尼亚斯·奥康奈尔,Maggie Baird,Patrick O'Connell,Claudia Sulewski,Zoe Donahoe,Brandon 'Q' Adams,卡洛斯·洛佩斯·埃斯特拉达,贾斯汀·比伯,查看更多",熟悉的歌声响起，从小到大的她的影像出现，聚焦这个尚未满19岁的年轻歌手的崛起、她那些改变了自己和许多人人生的音乐、她台前幕后的生活。,2021
异形,2016-04-16 (CN),"恐怖,科幻",1h 57m,82,英语,雷德利·斯科特,"汤姆·斯凯里特,西格妮·韦弗,维罗尼卡·卡维特,哈里·迪恩·斯坦顿,约翰·赫特,伊恩·霍姆,亚非特·科托,博拉吉·巴迪乔,海伦·霍顿,查看更多",未来的世界，人类已能轻松穿梭于星际之间，在太空中展开商业活动。“诺斯特罗莫”是在太空活动的众多星际商业运输船之一。一次，它完成任务满载太空矿石返航地球时，突然收到了一组奇怪的信号，由于这可能是求救信号，飞船接到指令前往信号源地进行搜救。经过一段飞行后，飞船终于抵达信号源发出的地方。船员们发现此处果然有一艘坠毁的飞船，只是，经过一番搜索，他们发现该船的船员们都早已死亡，化为化石。此时，留在“诺斯特罗莫”号的第三指挥官蕾普莉已经破译出该信号并不是求救信号，而是警告信号！队员的生死搏斗开始了！,2016
狼行者,2020-10-04 (IE),"动画,家庭,冒险,奇幻",1h 42m,82,英语,"Ross Stewart,汤姆·摩尔","霍纳·妮芙茜,Eva Whittaker,肖恩·宾,西蒙·迈克伯尼,Tommy Tiernan,玛丽亚·道尔·肯尼迪,乔·肯尼,John Morton,Nora Twomey,查看更多",在一个充满迷信与魔法的时代，年轻的见习猎人罗宾·古德费洛跟随父亲前往爱尔兰，奉命消灭最后一群野狼。在城墙外的禁忌之地探险时，罗宾结识了无拘无束的女孩梅芙——她来自一个神秘部落，传说其族人能在夜晚化身为狼。在寻找梅芙失踪母亲的过程中，罗宾逐渐揭开了惊人的秘密，她不仅更深地卷入狼行者的奇幻世界，更可能变成父亲奉命摧毁的存在。,2020
记忆碎片,2026-05-29 (CN),"悬疑,惊悚",1h 53m,82,英语,克里斯托弗·诺兰,"盖·皮尔斯,凯瑞-安·莫斯,乔·潘托里亚诺,小马克·布恩,拉什·费加,乔雅·福克斯,斯蒂芬·托布罗斯基,哈里特·桑塞姆·哈里斯,托马斯·列侬,查看更多",警方不予受理后，伦纳德·谢尔比执意追查强奸杀害妻子的凶手。然而，一种罕见且无法治愈的失忆症，使他踏上复仇之路难上加难。,2026
终结者2：审判日,2000-05-18 (CN),"动作,惊悚,科幻",2h 17m,82,英语,詹姆斯·卡梅隆,"阿诺德·施瓦辛格,琳达·汉密尔顿,爱德华·弗朗,罗伯特·帕特里克,阿尔·伯恩,乔·莫顿,埃帕莎·默克森,卡斯图洛·格拉,丹尼·库克西,查看更多",上一部中，超级电脑“天网”阻止人类抵抗领袖约翰·康纳诞生的行动失败，时隔13年后，在“审判日”到来之前，“天网”派出了更加先进的生化机器人T-1000（罗伯特·帕特里克 饰）从公元2029年回到洛杉矶追杀已经长大的约翰，与此同时，约翰也派出了机器人T-800（阿诺· 施瓦辛格 饰）回去保护年幼的自己。,2000
发条橙,1971-12-19 (US),"科幻,犯罪",2h 17m,82,英语,斯坦利·库布里克,"马尔科姆·麦克道威尔,帕特里克·马吉,卡罗尔·杜瑞,迈克尔·贝茨,沃伦·克拉克,詹姆斯·马库斯,迈克尔·塔恩,米里亚姆·卡林,阿德琳妮·柯瑞,查看更多",阿利斯是一位无恶不作的少年，他的特殊喜好是边听贝多芬的交响曲边奸淫女性，某次他进入一所别墅抢劫一番后，打残了该别墅的主人——一名小说家，并用特殊喜好蹂躏了其妻子。后来因为杀了一名单身女子，阿利斯入狱并接受了特殊的人格治疗，出狱后，他对淫乐之事产生彻底的厌倦。但当阿利斯回到家时，周围人群没改变对他的旧看法，在种种歧视的重压下，他跑到郊外一所别墅想喘口气，不想这所别墅正是他以前抢劫过的小说家的那所。而作为反政府组织首领的该小说家为了达到某种目的，软禁了阿利斯。当这件事暴露小说家被捕时，其手下为了对抗政府，扬言要把阿利斯恢复原来的性情，完全不理一旁的阿利斯大叫“我完全好了”。,1971
BLACKPINK：照亮天空,2020-10-14 (US),"纪录,音乐",1h 19m,82,朝鲜语,卡罗琳·萨,"金智秀,金珍妮,朴彩英,Lisa,朴洪俊",打破纪录的韩国女子团体 BLACKPINK 讲述她们的故事：不仅分享了为实现梦想而努力奋斗的人生旅程，还诉说了迅速走红背后所经受的试炼。,2020
心灵捕手,1997-12-05 (US),剧情,2h 6m,82,英语,格斯·范桑特,"马特·达蒙,罗宾·威廉姆斯,本·阿弗莱克,斯特兰·斯卡斯加德,明妮·德里弗,卡西·阿弗莱克,科尔·豪瑟,维克·萨海,约翰·米顿,查看更多",麻省理工学院的数学教授蓝波在席上公布了一道困难的数学题，却被年轻的清洁工威尔（马特·戴蒙 饰）解了出来。可是威尔却是个问题少年，成天和好朋友查克（本·阿弗莱特 饰）等人四处闲逛，打架滋事。当蓝波找到这个天才的时候，他正因为打架袭警被法庭宣判送进看守所。蓝波向法官求情保释，才使他免于牢狱之灾。蓝波为了让威尔找到自己的人生目标，不浪费他的数学天赋，请了很多心理学专家为威尔做辅导，但是威尔十分抗拒，专家们都束手无策。无计可施之下，蓝波求助于他大学的好友，心理学教授尚恩（罗宾·威廉姆斯 饰），希望能够帮助威尔打开心房。经过蓝波和尚恩的不懈努力，威尔渐渐敞开心胸，而好友查克的一席话，更是让他豁然开朗。,1997
非常嫌疑犯,1995-08-16 (US),"剧情,犯罪,惊悚",1h 36m,82,英语,布莱恩·辛格,"史蒂芬·鲍德温,加布里埃尔·伯恩,本尼西奥·德尔·托罗,凯文·波拉克,凯文·史派西,查兹·帕尔明特瑞,皮特·波斯尔思韦特,苏茜·爱米斯,吉安卡罗·埃斯波西托,查看更多",美国加州的圣佩雷罗港一艘货轮爆炸，死亡27人，9000万美元失踪。事故发生以后，联邦调查局探员白基奇在医院等待昏迷不醒的幸存者；海关特派员大卫（查兹•帕明特里 饰）则对另外一名拿到特赦令的幸存者金特（凯文•史派西 饰）进行了审问。金特供认，在事故中丧生的基顿（加布里埃尔•伯恩 饰）、法特（本尼西奥•德托罗 饰）、麦曼诺（斯蒂芬•鲍尔文 饰）和杜学尼（凯文•波拉克 饰），以及他本人，六个月前被警察局作为卡车抢劫案的疑犯带到警局过了一夜，五人因此结成了一个犯罪团伙，狼狈为奸……,1995
熔炉,2011-09-22 (KR),剧情,2h 3m,82,朝鲜语,黄东赫,"孔刘,郑裕美,金贤秀,郑仁瑞,白承焕,张光,金周灵,金民尚,林贤成,查看更多",来自首尔的美术老师姜仁浩为了谋生，来到雾津的一所听障学校任职。初到学校，他便察觉到这里压抑而诡异的气氛，孩子们沉默畏缩，一些学生身上还出现了遭受伤害的痕迹。随着与学生逐渐接触，仁浩发现学校管理层和部分教职人员背后隐藏着令人震惊的秘密。为了保护这些无法为自己发声的孩子，他与人权组织成员徐幼真一起追查真相，却也逐渐发现，阻挡他们的不只是学校内部的黑暗，还有盘根错节的利益与权力关系。一场为受害者讨回公道的艰难抗争由此展开……,2011
偷自行车的人,1948-11-24 (IT),剧情,1h 33m,82,意大利语,维托里奥·德西卡,"朗培尔托·马齐奥拉尼,恩佐·斯泰奥拉,莉安拉·卡雷尔,吉诺·萨尔塔梅伦达,Vittorio Antonucci,Giulio Chiari,Elena Altieri,Carlo Jachino,Michele Sakara,查看更多",这部荣获奥斯卡奖的维托里奥·德西卡作品，被全球影坛誉为有史以来最伟大的电影之一，界定了电影史上的一个时代。在战后贫困的罗马，一个男人得到了一份能为其绝望家庭带来救赎希望的新工作，然而开工第一天，他工作必需的自行车便遭窃。他带着年幼的儿子，踏上了寻找窃贼的征程。结构简朴而人性洞察深刻，本片凝聚了意大利新现实主义运动的最大优点：情感上的澄澈、社会意义上的正直，以及残酷的诚实。,1948
楚门的世界,1998-06-05 (US),"喜剧,剧情",1h 43m,82,英语,彼得·威尔,"金·凯瑞,劳拉·琳妮,诺亚·艾默里奇,娜塔莎·麦克艾霍恩,霍兰德·泰勒,艾德·哈里斯,保罗·吉亚玛提,布赖恩·戴拉特,彼得·克劳斯,查看更多",楚门·伯班克过着看似平凡而安稳的生活，却总觉得身边有些事情不太对劲：曾经突然消失的初恋、早已溺水身亡却似乎再次出现的父亲，以及一次次阻止他离开家乡的意外。随着越来越多无法解释的异常发生，楚门开始怀疑自己熟悉的生活并不像表面那样真实，甚至感觉无论走到哪里都有人在注视着自己。为了找到失踪的初恋，也为了弄清隐藏在日常生活背后的真相，他决定不惜一切代价离开这个生活了三十多年的世界……,1998
无间道风云,2006-10-05 (US),"剧情,惊悚,犯罪",2h 31m,82,英语,马丁·斯科塞斯,"莱昂纳多·迪卡普里奥,马特·达蒙,杰克·尼科尔森,马克·沃尔伯格,马丁·辛,雷·温斯顿,维拉·法梅加,安东尼·安德森,亚历克·鲍德温,查看更多",这部由马丁·斯科塞斯执导的硬派犯罪剧情片，将我们带入两名警察的人生：科林·沙利文（马特·达蒙 饰）精明而野心勃勃，看似在麻省州警精英特别调查组中拥有快速晋升通道，该部门的首要目标是势力庞大的爱尔兰黑帮头目弗兰克·卡斯特罗（杰克·尼科尔森 饰）。比利·科斯蒂根（莱昂纳多·迪卡普里奥 饰）熟知街头法则且强悍坚韧，却因被指暴力倾向而失去警徽，最终重回南波士顿的混乱街头，并被招募加入卡斯特罗的团伙。然而两人皆隐藏着真实身份，当他们在对立阵营中展开行动时，被迫卷入一场生死攸关的致命猫鼠游戏。[华纳兄弟],2006
Top Gun: Maverick,2022-05-27 (US),"动作,剧情",2h 11m,82,"$170,000,000",约瑟夫·科辛斯基,"汤姆·克鲁斯,迈尔斯·特勒,詹妮弗·康纳利,巴希尔·萨拉赫丁,乔恩·哈姆,查尔斯·帕内尔,莫妮卡·巴巴罗,刘易斯·普尔曼,杰·埃利斯,查看更多",作为海军顶尖飞行员服役30多年后，皮特·米切尔（代号：“独行侠”）（汤姆·克鲁斯 饰演）决定打破体制的限制，成为一名试飞员接受更大的挑战。当他接到命令，为一项高难度特殊任务训练一群“高空利剑”项目的毕业生时，他遇到了已故的好友兼雷达截获官，代号“笨鹅”的尼克·布拉德肖中尉之子布莱德利·布拉德肖中尉（代号：“公鸡”）。  面对不确定的未来和难以释怀的心魔，独行侠必须战胜内心深处的恐惧。因此，他参与了一项需要巨大牺牲才能完成的任务,2022
疤面煞星,1983-12-09 (US),"动作,犯罪,剧情",2h 50m,82,英语,布莱恩·德·帕尔玛,"阿尔·帕西诺,史蒂文·鲍尔,米歇尔·菲佛,玛丽·伊丽莎白·马斯特兰托尼奥,罗伯特·洛吉亚,米里亚姆·科隆,F·默里·亚伯拉罕,保罗·谢纳尔,哈里斯·于林,查看更多",古巴难民青年托尼（阿尔•帕西诺 Al Pacino 饰）逃难来到了美国的迈阿密，成了一个典型的天不怕、地不怕的美国街头小混混。托尼在当地的一个毒枭手下干活，因其心狠手辣、胆大心细，十分出色地帮老大完成了几件任务而迅速受到赏识，成为毒枭的第一得力助手。然而托尼并没有就此满足，他先是从委内瑞拉的毒枭那里接下了大单子，接着将自己的眼中钉一颗颗除去，势力不断扩大。当他的老大感受到威胁时已经太晚了，托尼将老大干掉然后一统了迈阿密毒品市场的天下。托尼得势后他的性格开始变得疑神疑鬼，对周围的人甚至至亲的家人、好兄弟都充满怀疑。疑心使他逐渐走上了不归路！,1983
何以为家,2019-04-29 (CN),,2h 6m,81,阿拉伯语,娜丁·拉巴基,"赞恩·阿尔·拉菲亚,约丹诺斯·希费罗,博鲁瓦蒂夫·特雷杰·班科尔,Kawsar Al Haddad,Fadi Kamel Yousef,Cedra Izzam,Alaa Chouchnieh,Elias Khoury,娜丁·拉巴基,查看更多",法庭上，十二岁的男孩赞恩向法官状告他的亲生父母，原因是，他们给了他生命。是什么样的经历让一个孩子做出如此不可思议的举动？故事中，赞恩的父母在无力抚养和教育的状况下依然不停生育，作为家中的长子赞恩，弱小的肩膀承担了无数生活的重压。当妹妹被强行卖给商贩为妻时，赞恩愤怒离家，之后遇到一对没有合法身份的母子，相互扶持勉强生活。然而生活并没有眷顾赞恩，重重磨难迫使他做出了令人震惊的举动……,2019
东京物语,1953-11-03 (JP),剧情,2h 16m,81,日语,小津安二郎,"笠智众,东山千荣子,原节子,杉村春子,山村聪,三宅邦子,香川京子,东野英治郎,中村伸郎,查看更多",一部对人类本质与世间别离的深刻感怀之作，是电影巨匠小津安二郎导演生涯的至高杰作。以战后繁忙的东京为背景，讲述一对老夫妇前往探望成年子女的旅程，以导演一贯的细腻笔触与敏锐的社会观察，描摹出家庭生活中丰富而复杂的景象。笠智众与原节子等小津班底的动人演绎，使影片深入拓展了导演一以贯之的代际隔阂主题，无疑成就了电影史上最伟大的杰作之一。[标准收藏],1953
河狸变身计划,2026-03-20 (CN),"冒险,动画,喜剧,家庭,科幻",1h 39m,81,英语,丹尼尔·钟,"派珀·柯达,鲍比·莫伊尼汉,乔恩·哈姆,凯茜·纳基麦,戴夫·弗兰科,爱德华多·佛朗哥,阿帕纳·纳彻,Tom Law,山姆·理查森,查看更多",梅宝是一位对动物世界充满好奇的年轻女孩，她利用先进的意识上传技术，将自己的思维注入一只机械河狸体内。以这种独特的形态，梅宝结识了河狸王国的乔治国王等动物伙伴。然而，一个由房地产开发计划带来的威胁，正试图破坏动物们的栖息地。梅宝与她的新朋友们联手，利用机械河狸的能力和人类的智慧，共同对抗这个危机，守护动物们的家园。,2026
我在雨中等你,2019-08-09 (US),"剧情,爱情",1h 49m,81,英语,西蒙·柯蒂斯,"凯文·科斯特纳,米洛·文提米利亞,阿曼达·塞弗里德,瑞安·基拉·阿姆斯特朗,Lily Dodsworth-Evans,伊恩·莱克,马丁·唐文,凯西·贝克,McKinley Belcher III,查看更多",影片改编自Garth Stein所著同名畅销小说，聚焦一只名叫恩佐的狗狗，和他的主人——职业赛车手Denny Swift，恩佐跟着Denny学会了很多生活哲学。,2019
卡萨布兰卡,1943-07-07 (CN),"剧情,爱情",1h 42m,81,英语,迈克尔·柯蒂斯,"亨弗莱·鲍嘉,英格丽·褒曼,保罗·亨瑞德,克劳德·雷恩斯,康拉德·维特,悉尼·格林斯特里特,彼得·洛尔,S·Z·萨考尔,玛德琳·勒博,查看更多",二战期间，卡萨布兰卡是欧洲逃往美国的必经之地，那里鱼龙混杂，局势紧张。里克（亨佛莱•鲍嘉 Humphrey Bogart 饰）是一个神秘的商人，他在卡萨布兰卡开了一家人气很旺的夜总会，并拥有两张宝贵的通行证。一天，反纳粹人士维克多和妻子伊尔莎（英格丽•褒曼 Ingrid Bergman 饰）来到夜总会，原来他们正在逃避纳粹的追捕。碰巧的是，里克发现，伊尔莎竟然是他的旧日情人。那段爱曾经刻骨铭心，却因为一个误会而终止。而当误会消解时，伊尔莎和里克的感情还是不可避免的重燃了。里克手上的两张通行证能帮助维克多度过难关，但这样一来，伊尔莎是决定留下，还是离去，他们的爱情在政治和伦理的推波逐流中走向何方。,1943
沙丘2,2024-03-08 (CN),"科幻,冒险",2h 46m,81,英语,丹尼斯·维伦纽瓦,"提莫西·查拉梅,赞达亚·科尔曼,丽贝卡·弗格森,哈维尔·巴登,乔什·布洛林,奥斯汀·巴特勒,弗洛伦丝·皮尤,戴夫·巴蒂斯塔,克里斯托弗·沃肯,查看更多",《沙丘2》承接第一部剧情，讲述保罗·厄崔迪（提莫西·查拉梅 Timothée Chalamet 饰）被帕迪沙皇帝和哈克南人联手灭族后，在厄拉科斯星球遇到弗雷曼女战士契妮（赞达亚 Zendaya 饰）以及加入弗雷曼人后展开的传奇旅程。保罗与让他家破人亡的阴谋家们开战，同时面临着一生所爱与已知宇宙命运的两难选择。,2024
多哥,2019-12-20 (US),"冒险,历史,剧情",1h 53m,81,英语,埃里克森·科里,"威廉·达福,朱丽安·尼科尔森,克里斯多佛·海尔达,理查德·多默,阿德里安·多瓦尔,玛德琳·威金斯,麦克尔·格雷耶斯,妮维·尼尔森,尼古拉·尼古拉耶夫,查看更多",聚焦1925年雪橇手和雪橇犬齐心协力为拯救阿拉斯加州诺姆市孩子的性命而奔波于血清接力路上的事件，被称为“Great Race of Mercy”。本片将登陆迪士尼自家流媒体，2019年推出。  1924年年底，诺姆市一个2岁小孩生病，医生诊断其患有扁桃体炎，这种疾病通常不会有生命危险，然而这个小孩成为例外，接下来很多孩子都被诊断患上了扁桃体炎，有几个不幸离世，医生最终确认这种病症是白喉。当时有一种疫苗能够用来对付白喉，然后诺姆市的疫苗全部过期，新疫苗在港口关闭前却未能送达，来年6月波罗的海才会解冻，也没有公路直通诺姆市、没有飞机，唯一运输货物的通道是邮路，然而冬天只有雪橇犬能够通行。卫生局决定使用两组雪橇犬接力运输，20个雪橇手和150只雪橇犬必须日夜兼程，经过河流，跨过平原，穿过森林，穿越冰冻的阿拉斯加邮路。最近的疫苗所在地为南纳，距离诺姆市1085公里，一般情况下狗拉雪橇需要费时25日，而他们只花了5天半就成功完成接力，拯救了多名孩子的性命。  本片主角Togo是挪威赶雪橇高手Leonhard Seppala(达福饰)使用的其中一只领头犬，因机智、卓越的领导力和敏锐的直觉备受称赞。Seppala被委任传送这场接力中最危险的一段，从诺姆到奴拉托接收那批免疫血清，在零下30度、七级以上强风的环境下成功完成了任务。之后南极探险家Roald Amundsen为Togo颁发了一枚金牌。  比约恩饰演一名接力人员，在途中背叛了Seppala。,2019
寻子遇仙记,1928-04-29 (CN),"喜剧,剧情",1h 8m,81,英语,查理·卓别林,"查理·卓别林,杰基·库根,卡尔·米勒,埃德娜·普维恩斯,阿尔伯特·奥斯汀,比尤拉 波因斯,内莉·布莱·贝克,亨利·伯格曼,爱德华·利比,查看更多",当查理·卓别林决定突破短片形式、创作其首部长片时，他已是国际巨星。本片不仅展现了卓别林职业生涯的转折点——证明了自己是一位严肃的电影导演，它本身亦是默片时代一部极具感染力的杰作。片中，他再次扮演那可爱的流浪汉角色，这次他收养了一个从街头救下的孤儿。卓别林与库根在这部情感与滑稽绝妙融合的作品中缔造了一对奇迹般的搭档。正如影片开场的字幕卡所言，这是“一部带笑——或许，也带泪的电影”。,1928
少年的你,2019-10-25 (CN),"剧情,犯罪,爱情",2h 18m,81,-,曾国祥,"周冬雨,易烊千玺,尹昉,黄觉,吴越,周也,张艺凡,刘然,张歆怡,查看更多",高考临近，性格内向的高三学生陈念一心只想考上理想的大学，离开眼前压抑的生活。然而，同校女生胡小蝶的意外坠楼打破了原本紧张却平静的备考生活，也将长期隐藏在校园里的霸凌逐渐暴露出来。此后，陈念也成为以魏莱为首的几名学生欺凌的对象。在她最孤立无援的时候，生活在街头的少年小北意外闯入了她的世界。两个原本毫无交集的少年逐渐彼此靠近，小北也开始用自己的方式保护陈念。高考越来越近，而围绕他们的危险却并未停止，两个人的命运也因此紧紧联系在一起……,2019
朝花夕誓：于离别之朝束起约定之花,2019-02-02 (CN),"动画,剧情,奇幻",1h 55m,81,日语,冈田麿里,"石见舞菜香,入野自由,樱井优辉,茅野爱衣,梶裕贵,细谷佳正,佐藤利奈,日笠阳子,泽城美雪,查看更多",在世界的尽头，住着一群被称为“离别一族”的古老民族：他们拥有着长寿之血和永生不老的面容。在一场外族入侵的战役中，离别一族惨遭灭族，15岁的玛奇亚虽然侥幸逃生，却彻底和朋友失去了联系。孤身一人的她在残骸中拾到了一个普通人家的遗孤，并决定收养它。然而随着时间的流逝，玛奇亚必须要学会如何做一个母亲，经历人间的生离死别，并在朝代的更迭中守护“离别一族”最后的信仰…,2019
第七封印,1957-02-16 (SE),"奇幻,剧情",1h 36m,81,瑞典语,英格玛·伯格曼,"甘纳尔·布耶恩施特兰德,本特·埃克罗特,尼尔斯·波普,马克斯·冯·西多,比比·安德森,英加·吉尔,莫德·菲松,英加·兰德格雷,古内尔·林德布洛姆,查看更多",十字军东征归来的骑士精疲力竭，发现中世纪瑞典正被瘟疫笼罩。当披着斗篷的死神突然现身时，骑士向他发起了象棋对决的挑战。随着这场命运棋局的推进，骑士与随从在绝望的社会中邂逅了形形色色的边缘人。导演英格玛·伯格曼以此展开对信仰本质与死亡折磨的深邃追问。作为当时最具影响力的电影之一，本片不仅是人类探寻意义的震撼寓言，更是一部凝练的视觉诗篇。[标准收藏公司],1957
鹬,2016-06-17 (US),"家庭,动画",6m,81,英语,Alan Barillaro,,皮克斯2016动画长片《海底总动员2》的前贴片，讲述了一只饥饿的小矶鹬，努力克服恐水症，到海浪肆虐的沙滩上觅食的故事。原来成长就是要抛去曾经的视角，才能看到最美的未来,2016
迷魂记,2019-04-13 (CN),"悬疑,爱情,惊悚",2h 8m,81,英语,阿尔弗雷德·希区柯克,"詹姆斯·斯图尔特,金·诺瓦克,芭芭拉·贝尔·戈迪斯,汤姆·赫尔莫,亨利·琼斯,雷蒙德·贝利,艾伦·科比,康斯坦丁·谢恩,李·帕特里克,查看更多",这部惊悚悬疑片编织出一张令人晕眩的错位身份、激情与谋杀的巨网：患有恐高症的侦探从海湾救起一位神秘金发女郎后，陷入层层迷局。,2019
我的英雄学院：英雄崛起,2019-12-20 (JP),"动画,动作,奇幻,冒险",1h 44m,81,日语,长崎健司,"山下大辉,冈本信彦,井上芳雄,今田美樱,寺崎裕香,黑泽朋世,梶裕贵,石川界人,佐仓绫音,查看更多",新剧场版由原著作者堀越耕平担任总监修/角色原案，将展开原创故事。堀越耕平表示该剧场版在某种意义上是原作的最终回。,2019
机器人总动员,2026-08-15 (CN),"动画,家庭,科幻",1h 38m,81,英语,安德鲁·斯坦顿,"本·贝尔特,艾丽莎·奈特,杰夫·格尔林,佛莱德·威拉特,约翰·拉岑伯格,凯茜·纳基麦,西格妮·韦弗,洛瑞·艾伦,鲍伯·伯根,查看更多",公元 2700 年，人类文明高度发展，却因污染和生活垃圾大量增加使得地球不再适于人类居住。地球人被迫乘坐飞船离开故乡，进行一次漫长无边的宇宙之旅。临行前他们委托 Buynlarge 的公司对地球垃圾进行清理，该公司开发了名为 WALL·E（地球废品分装员的缩写）的机器人担当此重任。 这些机器人按照程序日复一日、年复一年辛勤工作，但随着时间的流逝和恶劣环境的侵蚀，WALL·E 们接连损坏、停止运动。最后只有一个仍在进行这项似乎永无止境的工作。经历了漫长的岁月，它开始拥有了自己的意识。它喜欢将收集来的宝贝小心翼翼藏起，喜欢收工后看看几百年前的歌舞片，此外还有一只蟑螂朋友作伴。直到有一天，一艘来自宇宙的飞船打破了它一成不变的生活…,2026
