Sep 2026,Sep 2025,Change,Programming Language,Ratings,Change
1,1,,Python,17.76%,-8.22%
2,3,,C,10.28%,+1.63%
3,2,,C++,8.67%,-0.13%
4,4,,Java,7.54%,-0.81%
5,5,,C#,4.22%,-2.16%
6,6,,JavaScript,2.76%,-0.46%
7,7,,Visual Basic,2.55%,-0.28%
8,11,,SQL,2.16%,+0.29%
9,13,,R,1.69%,+0.27%
10,18,,Rust,1.34%,+0.33%
11,12,,Fortran,1.24%,-0.25%
12,8,,Go,1.10%,-1.22%
13,9,,Delphi/Object Pascal,1.08%,-1.18%
14,15,,PHP,1.04%,-0.21%
15,16,,Scratch,0.99%,-0.19%
16,17,,Assembly language,0.89%,-0.15%
17,14,,Ada,0.85%,-0.42%
18,25,,Swift,0.83%,+0.10%
19,29,,Objective-C,0.81%,+0.32%
20,22,,COBOL,0.78%,-0.13%
